building_id,timestamp_hour,volume,hot,cold,apartment_size,volume_per_room,hot_per_room,cold_per_room
1bbf041c-f23c-437e-9c9b-2bd43d310a7c,2018-12-30 00:00:00,0.0,0.0,0.0,121,0.0,0.0,0.0
1bbf041c-f23c-437e-9c9b-2bd43d310a7c,2018-12-30 01:00:00,0.0,0.0,0.0,121,0.0,0.0,0.0
1bbf041c-f23c-437e-9c9b-2bd43d310a7c,2018-12-30 02:00:00,0.0,0.0,0.0,121,0.0,0.0,0.0
1bbf041c-f23c-437e-9c9b-2bd43d310a7c,2018-12-30 03:00:00,0.0,0.0,0.0,121,0.0,0.0,0.0
1bbf041c-f23c-437e-9c9b-2bd43d310a7c,2018-12-30 04:00:00,0.0,0.0,0.0,121,0.0,0.0,0.0
1bbf041c-f23c-437e-9c9b-2bd43d310a7c,2018-12-30 05:00:00,0.0,0.0,0.0,121,0.0,0.0,0.0
1bbf041c-f23c-437e-9c9b-2bd43d310a7c,2018-12-30 06:00:00,0.0,0.0,0.0,121,0.0,0.0,0.0
1bbf041c-f23c-437e-9c9b-2bd43d310a7c,2018-12-30 07:00:00,0.0,0.0,0.0,121,0.0,0.0,0.0
1bbf041c-f23c-437e-9c9b-2bd43d310a7c,2018-12-30 08:00:00,0.0,0.0,0.0,121,0.0,0.0,0.0
1bbf041c-f23c-437e-9c9b-2bd43d310a7c,2018-12-30 09:00:00,0.0,0.0,0.0,121,0.0,0.0,0.0
1bbf041c-f23c-437e-9c9b-2bd43d310a7c,2018-12-30 10:00:00,0.0,0.0,0.0,121,0.0,0.0,0.0
1bbf041c-f23c-437e-9c9b-2bd43d310a7c,2018-12-30 11:00:00,0.0,0.0,0.0,121,0.0,0.0,0.0
1bbf041c-f23c-437e-9c9b-2bd43d310a7c,2018-12-30 12:00:00,0.0,0.0,0.0,121,0.0,0.0,0.0
1bbf041c-f23c-437e-9c9b-2bd43d310a7c,2018-12-30 13:00:00,0.0,0.0,0.0,121,0.0,0.0,0.0
1bbf041c-f23c-437e-9c9b-2bd43d310a7c,2018-12-30 14:00:00,0.0,0.0,0.0,121,0.0,0.0,0.0
1bbf041c-f23c-437e-9c9b-2bd43d310a7c,2018-12-30 15:00:00,0.0,0.0,0.0,121,0.0,0.0,0.0
1bbf041c-f23c-437e-9c9b-2bd43d310a7c,2018-12-30 16:00:00,0.0,0.0,0.0,121,0.0,0.0,0.0
1bbf041c-f23c-437e-9c9b-2bd43d310a7c,2018-12-30 17:00:00,0.0,0.0,0.0,121,0.0,0.0,0.0
1bbf041c-f23c-437e-9c9b-2bd43d310a7c,2018-12-30 18:00:00,0.0,0.0,0.0,121,0.0,0.0,0.0
1bbf041c-f23c-437e-9c9b-2bd43d310a7c,2018-12-30 19:00:00,0.0,0.0,0.0,121,0.0,0.0,0.0
1bbf041c-f23c-437e-9c9b-2bd43d310a7c,2018-12-30 20:00:00,0.0,0.0,0.0,121,0.0,0.0,0.0
1bbf041c-f23c-437e-9c9b-2bd43d310a7c,2018-12-30 21:00:00,0.0,0.0,0.0,121,0.0,0.0,0.0
1bbf041c-f23c-437e-9c9b-2bd43d310a7c,2018-12-30 22:00:00,0.0,0.0,0.0,121,0.0,0.0,0.0
1bbf041c-f23c-437e-9c9b-2bd43d310a7c,2018-12-30 23:00:00,0.0,0.0,0.0,121,0.0,0.0,0.0
1bbf041c-f23c-437e-9c9b-2bd43d310a7c,2018-12-31 00:00:00,0.0,0.0,0.0,121,0.0,0.0,0.0
1bbf041c-f23c-437e-9c9b-2bd43d310a7c,2018-12-31 01:00:00,0.0,0.0,0.0,121,0.0,0.0,0.0
1bbf041c-f23c-437e-9c9b-2bd43d310a7c,2018-12-31 02:00:00,0.0,0.0,0.0,121,0.0,0.0,0.0
1bbf041c-f23c-437e-9c9b-2bd43d310a7c,2018-12-31 03:00:00,0.0,0.0,0.0,121,0.0,0.0,0.0
1bbf041c-f23c-437e-9c9b-2bd43d310a7c,2018-12-31 04:00:00,0.0,0.0,0.0,121,0.0,0.0,0.0
1bbf041c-f23c-437e-9c9b-2bd43d310a7c,2018-12-31 05:00:00,0.0,0.0,0.0,121,0.0,0.0,0.0
1bbf041c-f23c-437e-9c9b-2bd43d310a7c,2018-12-31 06:00:00,0.0,0.0,0.0,121,0.0,0.0,0.0
1bbf041c-f23c-437e-9c9b-2bd43d310a7c,2018-12-31 07:00:00,0.0,0.0,0.0,121,0.0,0.0,0.0
1bbf041c-f23c-437e-9c9b-2bd43d310a7c,2018-12-31 08:00:00,0.0,0.0,0.0,121,0.0,0.0,0.0
1bbf041c-f23c-437e-9c9b-2bd43d310a7c,2018-12-31 09:00:00,0.0,0.0,0.0,121,0.0,0.0,0.0
1bbf041c-f23c-437e-9c9b-2bd43d310a7c,2018-12-31 10:00:00,0.0,0.0,0.0,121,0.0,0.0,0.0
1bbf041c-f23c-437e-9c9b-2bd43d310a7c,2018-12-31 11:00:00,0.0,0.0,0.0,121,0.0,0.0,0.0
1bbf041c-f23c-437e-9c9b-2bd43d310a7c,2018-12-31 12:00:00,0.0,0.0,0.0,121,0.0,0.0,0.0
1bbf041c-f23c-437e-9c9b-2bd43d310a7c,2018-12-31 13:00:00,0.0,0.0,0.0,121,0.0,0.0,0.0
1bbf041c-f23c-437e-9c9b-2bd43d310a7c,2018-12-31 14:00:00,920.4513529999999,39.10485356000001,881.346503,121,376.0555430833332,15.976506351666668,360.07903808333333
1bbf041c-f23c-437e-9c9b-2bd43d310a7c,2018-12-31 15:00:00,5206.868085,2735.2930309999997,2471.5750340000004,121,2127.2950366666664,1117.519249166667,1009.7757863333333
1bbf041c-f23c-437e-9c9b-2bd43d310a7c,2018-12-31 16:00:00,246.01694589999997,76.38499106000002,169.63195389999996,121,100.51159745833338,31.207514834999994,69.30408249166666
1bbf041c-f23c-437e-9c9b-2bd43d310a7c,2018-12-31 17:00:00,0.0,0.0,0.0,121,0.0,0.0,0.0
1bbf041c-f23c-437e-9c9b-2bd43d310a7c,2018-12-31 18:00:00,0.0,0.0,0.0,121,0.0,0.0,0.0
1bbf041c-f23c-437e-9c9b-2bd43d310a7c,2018-12-31 19:00:00,0.0,0.0,0.0,121,0.0,0.0,0.0
1bbf041c-f23c-437e-9c9b-2bd43d310a7c,2018-12-31 20:00:00,0.0,0.0,0.0,121,0.0,0.0,0.0
1bbf041c-f23c-437e-9c9b-2bd43d310a7c,2018-12-31 21:00:00,0.0,0.0,0.0,121,0.0,0.0,0.0
1bbf041c-f23c-437e-9c9b-2bd43d310a7c,2018-12-31 22:00:00,0.0,0.0,0.0,121,0.0,0.0,0.0
1bbf041c-f23c-437e-9c9b-2bd43d310a7c,2018-12-31 23:00:00,0.0,0.0,0.0,121,0.0,0.0,0.0
1bbf041c-f23c-437e-9c9b-2bd43d310a7c,2019-01-01 00:00:00,298.7028348,122.00288079999997,176.69995009999997,121,122.03671185,49.84495861666665,72.19175179166665
1bbf041c-f23c-437e-9c9b-2bd43d310a7c,2019-01-01 01:00:00,161.4895496,0.0,161.4895496,121,65.97745720833332,0.0,65.97745720833332
1bbf041c-f23c-437e-9c9b-2bd43d310a7c,2019-01-01 02:00:00,0.0,0.0,0.0,121,0.0,0.0,0.0
1bbf041c-f23c-437e-9c9b-2bd43d310a7c,2019-01-01 03:00:00,0.0,0.0,0.0,121,0.0,0.0,0.0
1bbf041c-f23c-437e-9c9b-2bd43d310a7c,2019-01-01 04:00:00,0.0,0.0,0.0,121,0.0,0.0,0.0
1bbf041c-f23c-437e-9c9b-2bd43d310a7c,2019-01-01 05:00:00,0.0,0.0,0.0,121,0.0,0.0,0.0
1bbf041c-f23c-437e-9c9b-2bd43d310a7c,2019-01-01 06:00:00,0.0,0.0,0.0,121,0.0,0.0,0.0
1bbf041c-f23c-437e-9c9b-2bd43d310a7c,2019-01-01 07:00:00,0.0,0.0,0.0,121,0.0,0.0,0.0
1bbf041c-f23c-437e-9c9b-2bd43d310a7c,2019-01-01 08:00:00,0.0,0.0,0.0,121,0.0,0.0,0.0
1bbf041c-f23c-437e-9c9b-2bd43d310a7c,2019-01-01 09:00:00,0.0,0.0,0.0,121,0.0,0.0,0.0
1bbf041c-f23c-437e-9c9b-2bd43d310a7c,2019-01-01 10:00:00,0.0,0.0,0.0,121,0.0,0.0,0.0
1bbf041c-f23c-437e-9c9b-2bd43d310a7c,2019-01-01 11:00:00,0.0,0.0,0.0,121,0.0,0.0,0.0
1bbf041c-f23c-437e-9c9b-2bd43d310a7c,2019-01-01 12:00:00,3788.997477000001,2499.2032580000005,1289.7942124999997,121,1548.0160840833337,1021.0634494999999,526.9526314166666
1bbf041c-f23c-437e-9c9b-2bd43d310a7c,2019-01-01 13:00:00,1835.3974980000003,1463.8036879999995,371.59378879999997,121,749.8619004166667,598.04517525,151.81671788333327
1bbf041c-f23c-437e-9c9b-2bd43d310a7c,2019-01-01 14:00:00,912.8417099999999,437.12815140000004,475.71356209999993,121,372.94657966666676,178.59114821666677,194.35543335
1bbf041c-f23c-437e-9c9b-2bd43d310a7c,2019-01-01 15:00:00,5091.7644679999985,3223.051531,1868.7129830000001,121,2080.268820166667,1316.7957038333332,763.4731263333333
1bbf041c-f23c-437e-9c9b-2bd43d310a7c,2019-01-01 16:00:00,1227.527466,92.76747413999999,1134.7599709999997,121,501.51320375000023,37.900669815,463.61252633333356
1bbf041c-f23c-437e-9c9b-2bd43d310a7c,2019-01-01 17:00:00,169.72074539999997,13.212539055000002,156.50820740000003,121,69.34035871666664,5.3980566491666675,63.94230244999999
1bbf041c-f23c-437e-9c9b-2bd43d310a7c,2019-01-01 18:00:00,0.0,0.0,0.0,121,0.0,0.0,0.0
1bbf041c-f23c-437e-9c9b-2bd43d310a7c,2019-01-01 19:00:00,194.40546519999998,11.019328554,183.38613310000005,121,79.42543848333335,4.502008231500001,74.92342933333333
1bbf041c-f23c-437e-9c9b-2bd43d310a7c,2019-01-01 20:00:00,741.1808115000002,584.9833923000001,156.1974307,121,302.8135603333334,238.99823261666654,63.815332683333324
1bbf041c-f23c-437e-9c9b-2bd43d310a7c,2019-01-01 21:00:00,3305.7897000000003,2286.745999999999,1019.0437165000001,121,1350.5988530000002,934.262851,416.3360016666667
1bbf041c-f23c-437e-9c9b-2bd43d310a7c,2019-01-01 22:00:00,484.3620940000001,163.65612019999992,320.7059703000001,121,197.88883875000008,66.86262209999998,131.02621580000005
1bbf041c-f23c-437e-9c9b-2bd43d310a7c,2019-01-01 23:00:00,0.0,0.0,0.0,121,0.0,0.0,0.0
1bbf041c-f23c-437e-9c9b-2bd43d310a7c,2019-01-02 00:00:00,0.0,0.0,0.0,121,0.0,0.0,0.0
1bbf041c-f23c-437e-9c9b-2bd43d310a7c,2019-01-02 01:00:00,0.0,0.0,0.0,121,0.0,0.0,0.0
1bbf041c-f23c-437e-9c9b-2bd43d310a7c,2019-01-02 02:00:00,0.0,0.0,0.0,121,0.0,0.0,0.0
1bbf041c-f23c-437e-9c9b-2bd43d310a7c,2019-01-02 03:00:00,0.0,0.0,0.0,121,0.0,0.0,0.0
1bbf041c-f23c-437e-9c9b-2bd43d310a7c,2019-01-02 04:00:00,0.0,0.0,0.0,121,0.0,0.0,0.0
1bbf041c-f23c-437e-9c9b-2bd43d310a7c,2019-01-02 05:00:00,0.0,0.0,0.0,121,0.0,0.0,0.0
1bbf041c-f23c-437e-9c9b-2bd43d310a7c,2019-01-02 06:00:00,0.0,0.0,0.0,121,0.0,0.0,0.0
1bbf041c-f23c-437e-9c9b-2bd43d310a7c,2019-01-02 07:00:00,0.0,0.0,0.0,121,0.0,0.0,0.0
1bbf041c-f23c-437e-9c9b-2bd43d310a7c,2019-01-02 08:00:00,0.0,0.0,0.0,121,0.0,0.0,0.0
1bbf041c-f23c-437e-9c9b-2bd43d310a7c,2019-01-02 09:00:00,0.0,0.0,0.0,121,0.0,0.0,0.0
1bbf041c-f23c-437e-9c9b-2bd43d310a7c,2019-01-02 10:00:00,0.0,0.0,0.0,121,0.0,0.0,0.0
1bbf041c-f23c-437e-9c9b-2bd43d310a7c,2019-01-02 11:00:00,0.0,0.0,0.0,121,0.0,0.0,0.0
1bbf041c-f23c-437e-9c9b-2bd43d310a7c,2019-01-02 12:00:00,0.0,0.0,0.0,121,0.0,0.0,0.0
1bbf041c-f23c-437e-9c9b-2bd43d310a7c,2019-01-02 13:00:00,0.0,0.0,0.0,121,0.0,0.0,0.0
1bbf041c-f23c-437e-9c9b-2bd43d310a7c,2019-01-02 14:00:00,155.22957549999995,0.0,155.22957549999995,121,63.41991034999996,0.0,63.41991034999996
1bbf041c-f23c-437e-9c9b-2bd43d310a7c,2019-01-02 15:00:00,0.0,0.0,0.0,121,0.0,0.0,0.0
1bbf041c-f23c-437e-9c9b-2bd43d310a7c,2019-01-02 16:00:00,0.0,0.0,0.0,121,0.0,0.0,0.0
1bbf041c-f23c-437e-9c9b-2bd43d310a7c,2019-01-02 17:00:00,0.0,0.0,0.0,121,0.0,0.0,0.0
1bbf041c-f23c-437e-9c9b-2bd43d310a7c,2019-01-02 18:00:00,0.0,0.0,0.0,121,0.0,0.0,0.0
1bbf041c-f23c-437e-9c9b-2bd43d310a7c,2019-01-02 19:00:00,0.0,0.0,0.0,121,0.0,0.0,0.0
1bbf041c-f23c-437e-9c9b-2bd43d310a7c,2019-01-02 20:00:00,0.0,0.0,0.0,121,0.0,0.0,0.0
1bbf041c-f23c-437e-9c9b-2bd43d310a7c,2019-01-02 21:00:00,0.0,0.0,0.0,121,0.0,0.0,0.0
1bbf041c-f23c-437e-9c9b-2bd43d310a7c,2019-01-02 22:00:00,0.0,0.0,0.0,121,0.0,0.0,0.0
1bbf041c-f23c-437e-9c9b-2bd43d310a7c,2019-01-02 23:00:00,0.0,0.0,0.0,121,0.0,0.0,0.0
1bbf041c-f23c-437e-9c9b-2bd43d310a7c,2019-01-03 00:00:00,0.0,0.0,0.0,121,0.0,0.0,0.0
1bbf041c-f23c-437e-9c9b-2bd43d310a7c,2019-01-03 01:00:00,0.0,0.0,0.0,121,0.0,0.0,0.0
1bbf041c-f23c-437e-9c9b-2bd43d310a7c,2019-01-03 02:00:00,0.0,0.0,0.0,121,0.0,0.0,0.0
1bbf041c-f23c-437e-9c9b-2bd43d310a7c,2019-01-03 03:00:00,0.0,0.0,0.0,121,0.0,0.0,0.0
1bbf041c-f23c-437e-9c9b-2bd43d310a7c,2019-01-03 04:00:00,0.0,0.0,0.0,121,0.0,0.0,0.0
1bbf041c-f23c-437e-9c9b-2bd43d310a7c,2019-01-03 05:00:00,0.0,0.0,0.0,121,0.0,0.0,0.0
1bbf041c-f23c-437e-9c9b-2bd43d310a7c,2019-01-03 06:00:00,0.0,0.0,0.0,121,0.0,0.0,0.0
1bbf041c-f23c-437e-9c9b-2bd43d310a7c,2019-01-03 07:00:00,0.0,0.0,0.0,121,0.0,0.0,0.0
1bbf041c-f23c-437e-9c9b-2bd43d310a7c,2019-01-03 08:00:00,0.0,0.0,0.0,121,0.0,0.0,0.0
1bbf041c-f23c-437e-9c9b-2bd43d310a7c,2019-01-03 09:00:00,0.0,0.0,0.0,121,0.0,0.0,0.0
1bbf041c-f23c-437e-9c9b-2bd43d310a7c,2019-01-03 10:00:00,0.0,0.0,0.0,121,0.0,0.0,0.0
1bbf041c-f23c-437e-9c9b-2bd43d310a7c,2019-01-03 11:00:00,0.0,0.0,0.0,121,0.0,0.0,0.0
1bbf041c-f23c-437e-9c9b-2bd43d310a7c,2019-01-03 12:00:00,0.0,0.0,0.0,121,0.0,0.0,0.0
1bbf041c-f23c-437e-9c9b-2bd43d310a7c,2019-01-03 13:00:00,0.0,0.0,0.0,121,0.0,0.0,0.0
1bbf041c-f23c-437e-9c9b-2bd43d310a7c,2019-01-03 14:00:00,0.0,0.0,0.0,121,0.0,0.0,0.0
1bbf041c-f23c-437e-9c9b-2bd43d310a7c,2019-01-03 15:00:00,0.0,0.0,0.0,121,0.0,0.0,0.0
1bbf041c-f23c-437e-9c9b-2bd43d310a7c,2019-01-03 16:00:00,0.0,0.0,0.0,121,0.0,0.0,0.0
1bbf041c-f23c-437e-9c9b-2bd43d310a7c,2019-01-03 17:00:00,0.0,0.0,0.0,121,0.0,0.0,0.0
1bbf041c-f23c-437e-9c9b-2bd43d310a7c,2019-01-03 18:00:00,0.0,0.0,0.0,121,0.0,0.0,0.0
1bbf041c-f23c-437e-9c9b-2bd43d310a7c,2019-01-03 19:00:00,0.0,0.0,0.0,121,0.0,0.0,0.0
1bbf041c-f23c-437e-9c9b-2bd43d310a7c,2019-01-03 20:00:00,0.0,0.0,0.0,121,0.0,0.0,0.0
1bbf041c-f23c-437e-9c9b-2bd43d310a7c,2019-01-03 21:00:00,0.0,0.0,0.0,121,0.0,0.0,0.0
1bbf041c-f23c-437e-9c9b-2bd43d310a7c,2019-01-03 22:00:00,0.0,0.0,0.0,121,0.0,0.0,0.0
1bbf041c-f23c-437e-9c9b-2bd43d310a7c,2019-01-03 23:00:00,0.0,0.0,0.0,121,0.0,0.0,0.0
1bbf041c-f23c-437e-9c9b-2bd43d310a7c,2019-01-04 00:00:00,0.0,0.0,0.0,121,0.0,0.0,0.0
1bbf041c-f23c-437e-9c9b-2bd43d310a7c,2019-01-04 01:00:00,0.0,0.0,0.0,121,0.0,0.0,0.0
1bbf041c-f23c-437e-9c9b-2bd43d310a7c,2019-01-04 02:00:00,0.0,0.0,0.0,121,0.0,0.0,0.0
1bbf041c-f23c-437e-9c9b-2bd43d310a7c,2019-01-04 03:00:00,0.0,0.0,0.0,121,0.0,0.0,0.0
1bbf041c-f23c-437e-9c9b-2bd43d310a7c,2019-01-04 04:00:00,0.0,0.0,0.0,121,0.0,0.0,0.0
1bbf041c-f23c-437e-9c9b-2bd43d310a7c,2019-01-04 05:00:00,0.0,0.0,0.0,121,0.0,0.0,0.0
1bbf041c-f23c-437e-9c9b-2bd43d310a7c,2019-01-04 06:00:00,0.0,0.0,0.0,121,0.0,0.0,0.0
1bbf041c-f23c-437e-9c9b-2bd43d310a7c,2019-01-04 07:00:00,0.0,0.0,0.0,121,0.0,0.0,0.0
1bbf041c-f23c-437e-9c9b-2bd43d310a7c,2019-01-04 08:00:00,0.0,0.0,0.0,121,0.0,0.0,0.0
1bbf041c-f23c-437e-9c9b-2bd43d310a7c,2019-01-04 09:00:00,0.0,0.0,0.0,121,0.0,0.0,0.0
1bbf041c-f23c-437e-9c9b-2bd43d310a7c,2019-01-04 10:00:00,0.0,0.0,0.0,121,0.0,0.0,0.0
1bbf041c-f23c-437e-9c9b-2bd43d310a7c,2019-01-04 11:00:00,0.0,0.0,0.0,121,0.0,0.0,0.0
1bbf041c-f23c-437e-9c9b-2bd43d310a7c,2019-01-04 12:00:00,0.0,0.0,0.0,121,0.0,0.0,0.0
1bbf041c-f23c-437e-9c9b-2bd43d310a7c,2019-01-04 13:00:00,0.0,0.0,0.0,121,0.0,0.0,0.0
1bbf041c-f23c-437e-9c9b-2bd43d310a7c,2019-01-04 14:00:00,0.0,0.0,0.0,121,0.0,0.0,0.0
1bbf041c-f23c-437e-9c9b-2bd43d310a7c,2019-01-04 15:00:00,0.0,0.0,0.0,121,0.0,0.0,0.0
1bbf041c-f23c-437e-9c9b-2bd43d310a7c,2019-01-04 16:00:00,0.0,0.0,0.0,121,0.0,0.0,0.0
1bbf041c-f23c-437e-9c9b-2bd43d310a7c,2019-01-04 17:00:00,0.0,0.0,0.0,121,0.0,0.0,0.0
1bbf041c-f23c-437e-9c9b-2bd43d310a7c,2019-01-04 18:00:00,0.0,0.0,0.0,121,0.0,0.0,0.0
1bbf041c-f23c-437e-9c9b-2bd43d310a7c,2019-01-04 19:00:00,0.0,0.0,0.0,121,0.0,0.0,0.0
1bbf041c-f23c-437e-9c9b-2bd43d310a7c,2019-01-04 20:00:00,670.2522137999999,141.35996030000004,528.8922574000001,121,273.83528576666663,57.753401383333326,216.08188603333335
1bbf041c-f23c-437e-9c9b-2bd43d310a7c,2019-01-04 21:00:00,919.6388855,683.1362135999999,236.50267380000003,121,375.7236038333333,279.0991158833334,96.62448828333332
1bbf041c-f23c-437e-9c9b-2bd43d310a7c,2019-01-04 22:00:00,0.0,0.0,0.0,121,0.0,0.0,0.0
1bbf041c-f23c-437e-9c9b-2bd43d310a7c,2019-01-04 23:00:00,0.0,0.0,0.0,121,0.0,0.0,0.0
1bbf041c-f23c-437e-9c9b-2bd43d310a7c,2019-01-05 00:00:00,0.0,0.0,0.0,121,0.0,0.0,0.0
1bbf041c-f23c-437e-9c9b-2bd43d310a7c,2019-01-05 01:00:00,0.0,0.0,0.0,121,0.0,0.0,0.0
1bbf041c-f23c-437e-9c9b-2bd43d310a7c,2019-01-05 02:00:00,0.0,0.0,0.0,121,0.0,0.0,0.0
1bbf041c-f23c-437e-9c9b-2bd43d310a7c,2019-01-05 03:00:00,0.0,0.0,0.0,121,0.0,0.0,0.0
1bbf041c-f23c-437e-9c9b-2bd43d310a7c,2019-01-05 04:00:00,0.0,0.0,0.0,121,0.0,0.0,0.0
1bbf041c-f23c-437e-9c9b-2bd43d310a7c,2019-01-05 05:00:00,0.0,0.0,0.0,121,0.0,0.0,0.0
1bbf041c-f23c-437e-9c9b-2bd43d310a7c,2019-01-05 06:00:00,0.0,0.0,0.0,121,0.0,0.0,0.0
1bbf041c-f23c-437e-9c9b-2bd43d310a7c,2019-01-05 07:00:00,0.0,0.0,0.0,121,0.0,0.0,0.0
1bbf041c-f23c-437e-9c9b-2bd43d310a7c,2019-01-05 08:00:00,0.0,0.0,0.0,121,0.0,0.0,0.0
1bbf041c-f23c-437e-9c9b-2bd43d310a7c,2019-01-05 09:00:00,3132.0466029999993,2072.1398940000004,1059.906681,121,1279.6151353333332,846.5843311666669,433.0307951666667
1bbf041c-f23c-437e-9c9b-2bd43d310a7c,2019-01-05 10:00:00,871.4681779999999,96.07504929000001,775.3931259999999,121,356.04319208333334,39.251998165,316.79119258333327
1bbf041c-f23c-437e-9c9b-2bd43d310a7c,2019-01-05 11:00:00,0.0,0.0,0.0,121,0.0,0.0,0.0
1bbf041c-f23c-437e-9c9b-2bd43d310a7c,2019-01-05 12:00:00,0.0,0.0,0.0,121,0.0,0.0,0.0
1bbf041c-f23c-437e-9c9b-2bd43d310a7c,2019-01-05 13:00:00,0.0,0.0,0.0,121,0.0,0.0,0.0
1bbf041c-f23c-437e-9c9b-2bd43d310a7c,2019-01-05 14:00:00,0.0,0.0,0.0,121,0.0,0.0,0.0
1bbf041c-f23c-437e-9c9b-2bd43d310a7c,2019-01-05 15:00:00,0.0,0.0,0.0,121,0.0,0.0,0.0
1bbf041c-f23c-437e-9c9b-2bd43d310a7c,2019-01-05 16:00:00,335.8719754,106.9700665,228.90191240000001,121,137.22237213333332,43.70321817500001,93.51915497499996
1bbf041c-f23c-437e-9c9b-2bd43d310a7c,2019-01-05 17:00:00,831.2089960000002,433.29669320000005,397.91230829999995,121,339.5950786666666,177.02578446666666,162.56929644999997
1bbf041c-f23c-437e-9c9b-2bd43d310a7c,2019-01-05 18:00:00,1374.8232965000004,285.69452029999997,1089.1287725000002,121,561.6917380833335,116.72209190000001,444.96964416666685
1bbf041c-f23c-437e-9c9b-2bd43d310a7c,2019-01-05 19:00:00,5305.580246000001,2915.282798,2390.2974920000006,121,2167.6244506666662,1191.0550738333334,976.5693911666668
1bbf041c-f23c-437e-9c9b-2bd43d310a7c,2019-01-05 20:00:00,0.0,0.0,0.0,121,0.0,0.0,0.0
1bbf041c-f23c-437e-9c9b-2bd43d310a7c,2019-01-05 21:00:00,167.99814599999996,3.063391107,164.9347538,121,68.63658099166668,1.2515655528333334,67.38501495833334
1bbf041c-f23c-437e-9c9b-2bd43d310a7c,2019-01-05 22:00:00,224.06264040000002,37.90613523000001,186.15650699999995,121,91.54204368333335,15.486763333333332,76.0552811
1bbf041c-f23c-437e-9c9b-2bd43d310a7c,2019-01-05 23:00:00,525.9087811999999,76.81564179000003,449.09313720000006,121,214.86297014166664,31.383459551666675,183.47950935000003
1bbf041c-f23c-437e-9c9b-2bd43d310a7c,2019-01-06 00:00:00,0.0,0.0,0.0,121,0.0,0.0,0.0
1bbf041c-f23c-437e-9c9b-2bd43d310a7c,2019-01-06 01:00:00,600.2293185,107.06774010000002,493.1615716999999,121,245.22704053333328,43.74312314166668,201.48391468333338
1bbf041c-f23c-437e-9c9b-2bd43d310a7c,2019-01-06 02:00:00,0.0,0.0,0.0,121,0.0,0.0,0.0
1bbf041c-f23c-437e-9c9b-2bd43d310a7c,2019-01-06 03:00:00,0.0,0.0,0.0,121,0.0,0.0,0.0
1bbf041c-f23c-437e-9c9b-2bd43d310a7c,2019-01-06 04:00:00,0.0,0.0,0.0,121,0.0,0.0,0.0
1bbf041c-f23c-437e-9c9b-2bd43d310a7c,2019-01-06 05:00:00,606.196262,76.55813971,529.6381289999998,121,247.66486924999998,31.27825569333334,216.38661558333334
1bbf041c-f23c-437e-9c9b-2bd43d310a7c,2019-01-06 06:00:00,0.0,0.0,0.0,121,0.0,0.0,0.0
1bbf041c-f23c-437e-9c9b-2bd43d310a7c,2019-01-06 07:00:00,0.0,0.0,0.0,121,0.0,0.0,0.0
1bbf041c-f23c-437e-9c9b-2bd43d310a7c,2019-01-06 08:00:00,177.8986693,0.0,177.8986693,121,72.68149489166666,0.0,72.68149489166666
1bbf041c-f23c-437e-9c9b-2bd43d310a7c,2019-01-06 09:00:00,0.0,0.0,0.0,121,0.0,0.0,0.0
1bbf041c-f23c-437e-9c9b-2bd43d310a7c,2019-01-06 10:00:00,353.76395900000006,117.74965150000001,236.01430680000004,121,144.53224164999995,48.10727781666667,96.42496351666668
1bbf041c-f23c-437e-9c9b-2bd43d310a7c,2019-01-06 11:00:00,670.8027356000001,184.9222708,485.88046709999975,121,274.0602044333333,75.55102689166665,198.50917909999998
1bbf041c-f23c-437e-9c9b-2bd43d310a7c,2019-01-06 12:00:00,168.89496290000005,9.802851524999998,159.0921126,121,69.00298049166666,4.005009750000002,64.99797134166667
1bbf041c-f23c-437e-9c9b-2bd43d310a7c,2019-01-06 13:00:00,1137.7345824999998,527.5337095000001,610.2008722000002,121,464.82781941666656,215.52684405,249.3009749666667
1bbf041c-f23c-437e-9c9b-2bd43d310a7c,2019-01-06 14:00:00,0.0,0.0,0.0,121,0.0,0.0,0.0
1bbf041c-f23c-437e-9c9b-2bd43d310a7c,2019-01-06 15:00:00,0.0,0.0,0.0,121,0.0,0.0,0.0
1bbf041c-f23c-437e-9c9b-2bd43d310a7c,2019-01-06 16:00:00,0.0,0.0,0.0,121,0.0,0.0,0.0
1bbf041c-f23c-437e-9c9b-2bd43d310a7c,2019-01-06 17:00:00,4470.411128000001,2649.8066889999996,1820.6044089999998,121,1826.4114345000005,1082.5933233333337,743.8181025
1bbf041c-f23c-437e-9c9b-2bd43d310a7c,2019-01-06 18:00:00,1074.7352715,31.646162419999992,1043.08912,121,439.08909941666656,12.929216400833324,426.1598861666667
1bbf041c-f23c-437e-9c9b-2bd43d310a7c,2019-01-06 19:00:00,260.13074250000005,16.799814610000002,243.33092790000006,121,106.27786785833337,6.863658086666667,99.41420974166668
1bbf041c-f23c-437e-9c9b-2bd43d310a7c,2019-01-06 20:00:00,0.0,0.0,0.0,121,0.0,0.0,0.0
1bbf041c-f23c-437e-9c9b-2bd43d310a7c,2019-01-06 21:00:00,1148.2122630000001,443.72110539999983,704.4911591999999,121,469.10853341666666,181.2847357666666,287.82379836666655
1bbf041c-f23c-437e-9c9b-2bd43d310a7c,2019-01-06 22:00:00,2560.3645379999994,836.8829335000001,1723.4815900000003,121,1046.051233833333,341.9131975,704.1380318333335
1bbf041c-f23c-437e-9c9b-2bd43d310a7c,2019-01-06 23:00:00,1343.6477399999997,438.1714821999999,905.4762579999999,121,548.9547909166666,179.01740683333333,369.93738266666674
1bbf041c-f23c-437e-9c9b-2bd43d310a7c,2019-01-07 00:00:00,484.8948557,0.0,484.8948557,121,198.1065020333333,0.0,198.1065020333333
1bbf041c-f23c-437e-9c9b-2bd43d310a7c,2019-01-07 01:00:00,175.030625,12.608740289999998,162.4218847,121,71.50973958333333,5.1513712725,66.35836834999999
1bbf041c-f23c-437e-9c9b-2bd43d310a7c,2019-01-07 02:00:00,129.18631019999998,0.0,129.18631019999998,121,52.779788849999996,0.0,52.779788849999996
1bbf041c-f23c-437e-9c9b-2bd43d310a7c,2019-01-07 03:00:00,0.0,0.0,0.0,121,0.0,0.0,0.0
1bbf041c-f23c-437e-9c9b-2bd43d310a7c,2019-01-07 04:00:00,0.0,0.0,0.0,121,0.0,0.0,0.0
1bbf041c-f23c-437e-9c9b-2bd43d310a7c,2019-01-07 05:00:00,0.0,0.0,0.0,121,0.0,0.0,0.0
1bbf041c-f23c-437e-9c9b-2bd43d310a7c,2019-01-07 06:00:00,0.0,0.0,0.0,121,0.0,0.0,0.0
1bbf041c-f23c-437e-9c9b-2bd43d310a7c,2019-01-07 07:00:00,0.0,0.0,0.0,121,0.0,0.0,0.0
1bbf041c-f23c-437e-9c9b-2bd43d310a7c,2019-01-07 08:00:00,673.5109600000002,144.77852789999997,528.7324261000001,121,275.16666488333334,59.150076324999986,216.01658563333334
1bbf041c-f23c-437e-9c9b-2bd43d310a7c,2019-01-07 09:00:00,597.2724700000002,102.69019730000002,494.5822780000001,121,244.01900373333342,41.95465386666666,202.06435258333335
1bbf041c-f23c-437e-9c9b-2bd43d310a7c,2019-01-07 10:00:00,3218.043569000001,1896.7185860000004,1321.324944,121,1314.7496741666669,774.9149741666665,539.8346866666666
1bbf041c-f23c-437e-9c9b-2bd43d310a7c,2019-01-07 11:00:00,838.5344968999999,209.322846,629.2116537999997,121,342.58795364999986,85.52001789166665,257.0679367166666
1bbf041c-f23c-437e-9c9b-2bd43d310a7c,2019-01-07 12:00:00,1850.5368600000002,1104.3924519999996,746.1443997,121,756.0471728333331,451.2057054166665,304.84146261666666
1bbf041c-f23c-437e-9c9b-2bd43d310a7c,2019-01-07 13:00:00,608.1053380000001,178.14729060000002,429.95804359999994,121,248.4448330833333,72.78307103333334,175.66176009999995
1bbf041c-f23c-437e-9c9b-2bd43d310a7c,2019-01-07 14:00:00,122.7842674,0.0,122.7842674,121,50.164198425,0.0,50.164198425
1bbf041c-f23c-437e-9c9b-2bd43d310a7c,2019-01-07 15:00:00,860.1114277999999,465.9639919,394.14744350000007,121,351.40332763333333,190.37219219999997,161.0311400166666
1bbf041c-f23c-437e-9c9b-2bd43d310a7c,2019-01-07 16:00:00,304.04822640000015,48.170715419999986,255.8775093,121,124.22060094999998,19.680414894999995,104.54018549999999
1bbf041c-f23c-437e-9c9b-2bd43d310a7c,2019-01-07 17:00:00,0.0,0.0,0.0,121,0.0,0.0,0.0
1bbf041c-f23c-437e-9c9b-2bd43d310a7c,2019-01-07 18:00:00,0.0,0.0,0.0,121,0.0,0.0,0.0
1bbf041c-f23c-437e-9c9b-2bd43d310a7c,2019-01-07 19:00:00,210.2995801,39.68201425999999,170.61756600000004,121,85.91906815833333,16.212308626666662,69.70675970000002
1bbf041c-f23c-437e-9c9b-2bd43d310a7c,2019-01-07 20:00:00,368.5836665,148.65882339999993,219.9248442,121,150.58691603333332,60.73539264999999,89.85152370833335
1bbf041c-f23c-437e-9c9b-2bd43d310a7c,2019-01-07 21:00:00,379.8338595000001,64.26017807,315.5736846,121,155.18324551666666,26.25385474333333,128.92939141666668
1bbf041c-f23c-437e-9c9b-2bd43d310a7c,2019-01-07 22:00:00,200.59440309999994,1.3141503869999998,199.28025010000002,121,81.95396373333334,0.5369034808333334,81.41705929166667
1bbf041c-f23c-437e-9c9b-2bd43d310a7c,2019-01-07 23:00:00,528.8833776,15.050573759999997,513.8328032999999,121,216.07825761666666,6.148995977499999,209.92926189999994
1bbf041c-f23c-437e-9c9b-2bd43d310a7c,2019-01-08 00:00:00,0.0,0.0,0.0,121,0.0,0.0,0.0
1bbf041c-f23c-437e-9c9b-2bd43d310a7c,2019-01-08 01:00:00,994.5099379999998,309.80207640000003,684.7078667,121,406.3125921666666,126.57136901666665,279.7412247
1bbf041c-f23c-437e-9c9b-2bd43d310a7c,2019-01-08 02:00:00,0.0,0.0,0.0,121,0.0,0.0,0.0
1bbf041c-f23c-437e-9c9b-2bd43d310a7c,2019-01-08 03:00:00,0.0,0.0,0.0,121,0.0,0.0,0.0
1bbf041c-f23c-437e-9c9b-2bd43d310a7c,2019-01-08 04:00:00,0.0,0.0,0.0,121,0.0,0.0,0.0
1bbf041c-f23c-437e-9c9b-2bd43d310a7c,2019-01-08 05:00:00,0.0,0.0,0.0,121,0.0,0.0,0.0
1bbf041c-f23c-437e-9c9b-2bd43d310a7c,2019-01-08 06:00:00,354.6785391000001,176.72658850000002,177.95194600000002,121,144.90589784999997,72.20263510833334,72.70326136666667
1bbf041c-f23c-437e-9c9b-2bd43d310a7c,2019-01-08 07:00:00,0.0,0.0,0.0,121,0.0,0.0,0.0
1bbf041c-f23c-437e-9c9b-2bd43d310a7c,2019-01-08 08:00:00,0.0,0.0,0.0,121,0.0,0.0,0.0
1bbf041c-f23c-437e-9c9b-2bd43d310a7c,2019-01-08 09:00:00,166.88822059999998,1.1454418974999998,165.74277949999998,121,68.18311481666667,0.4679766850833333,67.715138325
1bbf041c-f23c-437e-9c9b-2bd43d310a7c,2019-01-08 10:00:00,916.557754,133.45729960000006,783.1004429999999,121,374.464789,54.524725191666676,319.9400600833333
1bbf041c-f23c-437e-9c9b-2bd43d310a7c,2019-01-08 11:00:00,960.8215255000002,118.17586219999998,842.6456613999999,121,392.5490017500001,48.28140873333333,344.26759173333335
1bbf041c-f23c-437e-9c9b-2bd43d310a7c,2019-01-08 12:00:00,229.54122829999997,53.15205591999998,176.38917180000004,121,93.78035100833334,21.71556939,72.06478155
1bbf041c-f23c-437e-9c9b-2bd43d310a7c,2019-01-08 13:00:00,2406.9108659999997,1780.9845500000006,625.9262828000002,121,983.3568753333333,727.6311878333337,255.72567945000011
1bbf041c-f23c-437e-9c9b-2bd43d310a7c,2019-01-08 14:00:00,207.1829137,97.72661675999998,109.45629607000002,121,84.645736775,39.92675505999999,44.71898111166667
1bbf041c-f23c-437e-9c9b-2bd43d310a7c,2019-01-08 15:00:00,592.0247523,139.06907739999997,452.9556732,121,241.87501886666672,56.81744832499999,185.05757106666664
1bbf041c-f23c-437e-9c9b-2bd43d310a7c,2019-01-08 16:00:00,6260.425949000002,3894.315959000001,2366.1100249999995,121,2557.7319870000006,1591.0445356666671,966.6874655000003
1bbf041c-f23c-437e-9c9b-2bd43d310a7c,2019-01-08 17:00:00,0.0,0.0,0.0,121,0.0,0.0,0.0
1bbf041c-f23c-437e-9c9b-2bd43d310a7c,2019-01-08 18:00:00,120.19148479999998,34.06135704,86.13012709,121,49.104902483333326,13.91595772333333,35.18894451500001
1bbf041c-f23c-437e-9c9b-2bd43d310a7c,2019-01-08 19:00:00,5340.280960999999,3718.3529979999985,1621.9279589999994,121,2181.8016271666665,1519.15388525,662.6477295833333
1bbf041c-f23c-437e-9c9b-2bd43d310a7c,2019-01-08 20:00:00,639.4851272,160.5216924,478.9634229000001,121,261.2652206166666,65.58203425000002,195.68318201666668
1bbf041c-f23c-437e-9c9b-2bd43d310a7c,2019-01-08 21:00:00,0.0,0.0,0.0,121,0.0,0.0,0.0
1bbf041c-f23c-437e-9c9b-2bd43d310a7c,2019-01-08 22:00:00,164.25104110000004,6.996962963999999,157.254077,121,67.10568039166665,2.8586483011666655,64.24703136666666
1bbf041c-f23c-437e-9c9b-2bd43d310a7c,2019-01-08 23:00:00,0.0,0.0,0.0,121,0.0,0.0,0.0
1bbf041c-f23c-437e-9c9b-2bd43d310a7c,2019-01-09 00:00:00,0.0,0.0,0.0,121,0.0,0.0,0.0
1bbf041c-f23c-437e-9c9b-2bd43d310a7c,2019-01-09 01:00:00,0.0,0.0,0.0,121,0.0,0.0,0.0
1bbf041c-f23c-437e-9c9b-2bd43d310a7c,2019-01-09 02:00:00,0.0,0.0,0.0,121,0.0,0.0,0.0
1bbf041c-f23c-437e-9c9b-2bd43d310a7c,2019-01-09 03:00:00,0.0,0.0,0.0,121,0.0,0.0,0.0
1bbf041c-f23c-437e-9c9b-2bd43d310a7c,2019-01-09 04:00:00,0.0,0.0,0.0,121,0.0,0.0,0.0
1bbf041c-f23c-437e-9c9b-2bd43d310a7c,2019-01-09 05:00:00,0.0,0.0,0.0,121,0.0,0.0,0.0
1bbf041c-f23c-437e-9c9b-2bd43d310a7c,2019-01-09 06:00:00,0.0,0.0,0.0,121,0.0,0.0,0.0
1bbf041c-f23c-437e-9c9b-2bd43d310a7c,2019-01-09 07:00:00,0.0,0.0,0.0,121,0.0,0.0,0.0
1bbf041c-f23c-437e-9c9b-2bd43d310a7c,2019-01-09 08:00:00,0.0,0.0,0.0,121,0.0,0.0,0.0
1bbf041c-f23c-437e-9c9b-2bd43d310a7c,2019-01-09 09:00:00,0.0,0.0,0.0,121,0.0,0.0,0.0
1bbf041c-f23c-437e-9c9b-2bd43d310a7c,2019-01-09 10:00:00,1167.258568,414.5611763000001,752.6974005000002,121,476.8900101666667,169.37128413333335,307.5187276666667
1bbf041c-f23c-437e-9c9b-2bd43d310a7c,2019-01-09 11:00:00,140.81831690000007,121.55891099999997,19.259406700000007,121,57.532110116666686,49.66357216666668,7.86853818166667
1bbf041c-f23c-437e-9c9b-2bd43d310a7c,2019-01-09 12:00:00,1186.9974630000002,552.3160975,634.6813595000002,121,484.9544430833334,225.65182710000005,259.3026157499999
1bbf041c-f23c-437e-9c9b-2bd43d310a7c,2019-01-09 13:00:00,675.5798499000002,190.8270691,484.7527832000001,121,276.01192148333337,77.96346490833332,198.04845755000005
1bbf041c-f23c-437e-9c9b-2bd43d310a7c,2019-01-09 14:00:00,0.0,0.0,0.0,121,0.0,0.0,0.0
1bbf041c-f23c-437e-9c9b-2bd43d310a7c,2019-01-09 15:00:00,607.2795514,158.93228189999996,448.34726910000006,121,248.10745311666665,64.93267164999999,183.17478106666664
1bbf041c-f23c-437e-9c9b-2bd43d310a7c,2019-01-09 16:00:00,1147.8748439999997,2.5128686629999994,1145.3619785000003,121,468.97068075000004,1.0266465277499999,467.9440338333334
1bbf041c-f23c-437e-9c9b-2bd43d310a7c,2019-01-09 17:00:00,139.8415833,47.424846130000006,92.41673843000001,121,57.13306018333333,19.375685808333337,37.75737471333333
1bbf041c-f23c-437e-9c9b-2bd43d310a7c,2019-01-09 18:00:00,579.5136848999997,4.333144546000001,575.1805340999999,121,236.76355189999998,1.7703304091666674,234.99322113333338
1bbf041c-f23c-437e-9c9b-2bd43d310a7c,2019-01-09 19:00:00,1417.320075,91.21802066000001,1326.102061,121,579.0540335833335,37.26763187666666,541.78640275
1bbf041c-f23c-437e-9c9b-2bd43d310a7c,2019-01-09 20:00:00,519.2048372999999,319.1431949,200.0616375,121,212.12403615000005,130.3877353,81.73629959999998
1bbf041c-f23c-437e-9c9b-2bd43d310a7c,2019-01-09 21:00:00,1502.5888900000002,666.6294192000001,835.959476,121,613.8910861666667,272.35517406666673,341.5359130833334
1bbf041c-f23c-437e-9c9b-2bd43d310a7c,2019-01-09 22:00:00,368.03314340000003,30.403046919999994,337.6301002,121,150.36199628333333,12.421334661666668,137.94066305
1bbf041c-f23c-437e-9c9b-2bd43d310a7c,2019-01-09 23:00:00,171.54990160000006,5.549621581,166.00028060000008,121,70.08767063333333,2.2673288991666665,67.82034199166668
1bbf041c-f23c-437e-9c9b-2bd43d310a7c,2019-01-10 00:00:00,0.0,0.0,0.0,121,0.0,0.0,0.0
1bbf041c-f23c-437e-9c9b-2bd43d310a7c,2019-01-10 01:00:00,0.0,0.0,0.0,121,0.0,0.0,0.0
1bbf041c-f23c-437e-9c9b-2bd43d310a7c,2019-01-10 02:00:00,0.0,0.0,0.0,121,0.0,0.0,0.0
1bbf041c-f23c-437e-9c9b-2bd43d310a7c,2019-01-10 03:00:00,0.0,0.0,0.0,121,0.0,0.0,0.0
1bbf041c-f23c-437e-9c9b-2bd43d310a7c,2019-01-10 04:00:00,175.04838350000003,13.94952892,161.09885570000003,121,71.51699496666666,5.699157961666666,65.81783723333334
1bbf041c-f23c-437e-9c9b-2bd43d310a7c,2019-01-10 05:00:00,0.0,0.0,0.0,121,0.0,0.0,0.0
1bbf041c-f23c-437e-9c9b-2bd43d310a7c,2019-01-10 06:00:00,386.5821996000001,171.51438600000006,215.06781550000005,121,157.9403171333333,70.073160275,87.86715746666668
1bbf041c-f23c-437e-9c9b-2bd43d310a7c,2019-01-10 07:00:00,0.0,0.0,0.0,121,0.0,0.0,0.0
1bbf041c-f23c-437e-9c9b-2bd43d310a7c,2019-01-10 08:00:00,0.0,0.0,0.0,121,0.0,0.0,0.0
1bbf041c-f23c-437e-9c9b-2bd43d310a7c,2019-01-10 09:00:00,7218.503813000001,4225.437490999999,2993.0663000000004,121,2949.160053333333,1726.3260866666662,1222.8339575
1bbf041c-f23c-437e-9c9b-2bd43d310a7c,2019-01-10 10:00:00,2411.483727,1456.7445789999997,954.7391459999999,121,985.2251451666666,595.1611358333332,390.0640108333333
1bbf041c-f23c-437e-9c9b-2bd43d310a7c,2019-01-10 11:00:00,1782.618369,606.9421376,1175.676234,121,728.29869225,247.96960068333334,480.32909241666664
1bbf041c-f23c-437e-9c9b-2bd43d310a7c,2019-01-10 12:00:00,1415.4109884999996,115.95601320000004,1299.4549859999997,121,578.2740679166664,47.37447700000002,530.8995941666667
1bbf041c-f23c-437e-9c9b-2bd43d310a7c,2019-01-10 13:00:00,654.3669742000001,191.9725111,462.3944696000001,121,267.34528280000006,78.43144146666667,188.9138436
1bbf041c-f23c-437e-9c9b-2bd43d310a7c,2019-01-10 14:00:00,3607.094210999999,2073.178806,1533.9154089999995,121,1473.6984905833335,847.0087791666667,626.6897080000001
1bbf041c-f23c-437e-9c9b-2bd43d310a7c,2019-01-10 15:00:00,1437.5473339999999,37.94165287,1399.6056770000002,121,587.3179949166666,15.501274211666663,571.8167200833333
1bbf041c-f23c-437e-9c9b-2bd43d310a7c,2019-01-10 16:00:00,2055.9261349999997,1309.3644040000001,746.5617378000001,121,839.9601081666667,534.9481420833333,305.0119683833333
1bbf041c-f23c-437e-9c9b-2bd43d310a7c,2019-01-10 17:00:00,119.3834597,34.94041737999999,84.44304307000003,121,48.77477941666668,14.275102741666661,34.49967690333334
1bbf041c-f23c-437e-9c9b-2bd43d310a7c,2019-01-10 18:00:00,336.53793110000004,7.440932560000001,329.0969974,121,137.49445178333335,3.040034560000001,134.45441721666666
1bbf041c-f23c-437e-9c9b-2bd43d310a7c,2019-01-10 19:00:00,91.17851110000001,0.0,91.17851110000001,121,34.99616349166667,0.0,34.99616349166667
1bbf041c-f23c-437e-9c9b-2bd43d310a7c,2019-01-10 20:00:00,177.72996050000003,11.205795893999992,166.52416639999998,121,72.6125679,4.578190505666666,68.03437831666669
1bbf041c-f23c-437e-9c9b-2bd43d310a7c,2019-01-10 21:00:00,949.5269280000003,355.1225085,594.4044280000002,121,387.93452983333344,145.08728366666668,242.8472498333333
1bbf041c-f23c-437e-9c9b-2bd43d310a7c,2019-01-10 22:00:00,690.1331873000003,81.29973699000001,608.8334475000001,121,281.9577679166666,33.215461635,248.7423058833333
1bbf041c-f23c-437e-9c9b-2bd43d310a7c,2019-01-10 23:00:00,165.09458250000003,7.698435046000002,157.39614780000002,121,67.45031393333332,3.1452386421666656,64.305075375
1bbf041c-f23c-437e-9c9b-2bd43d310a7c,2019-01-11 00:00:00,131.58374640000002,0.0,131.58374640000002,121,53.75927469999999,0.0,53.75927469999999
1bbf041c-f23c-437e-9c9b-2bd43d310a7c,2019-01-11 01:00:00,164.80156309999998,6.925927735,157.87563440000005,121,67.33059909166667,2.829626461333334,64.50097235000001
1bbf041c-f23c-437e-9c9b-2bd43d310a7c,2019-01-11 02:00:00,0.0,0.0,0.0,121,0.0,0.0,0.0
1bbf041c-f23c-437e-9c9b-2bd43d310a7c,2019-01-11 03:00:00,0.0,0.0,0.0,121,0.0,0.0,0.0
1bbf041c-f23c-437e-9c9b-2bd43d310a7c,2019-01-11 04:00:00,0.0,0.0,0.0,121,0.0,0.0,0.0
1bbf041c-f23c-437e-9c9b-2bd43d310a7c,2019-01-11 05:00:00,0.0,0.0,0.0,121,0.0,0.0,0.0
1bbf041c-f23c-437e-9c9b-2bd43d310a7c,2019-01-11 06:00:00,0.0,0.0,0.0,121,0.0,0.0,0.0
1bbf041c-f23c-437e-9c9b-2bd43d310a7c,2019-01-11 07:00:00,0.0,0.0,0.0,121,0.0,0.0,0.0
1bbf041c-f23c-437e-9c9b-2bd43d310a7c,2019-01-11 08:00:00,5899.745024999999,3414.6866009999994,2485.0584059999996,121,2410.3737949999995,1395.0892839166668,1015.2844933333334
1bbf041c-f23c-437e-9c9b-2bd43d310a7c,2019-01-11 09:00:00,915.0127249999997,440.3025387000002,474.710191,121,373.8335599166666,179.8880616333334,193.94550063333335
1bbf041c-f23c-437e-9c9b-2bd43d310a7c,2019-01-11 10:00:00,1138.737954,223.65418730000007,915.0837635000001,121,465.2377525833334,91.37516752500001,373.86258233333353
1bbf041c-f23c-437e-9c9b-2bd43d310a7c,2019-01-11 11:00:00,710.076301,127.84552160000005,582.2307754999999,121,290.10563875000014,52.232002091666665,237.87363575
1bbf041c-f23c-437e-9c9b-2bd43d310a7c,2019-01-11 12:00:00,5269.361326999998,3637.7547380000005,1631.606506,121,2152.8269974999994,1486.2250193333336,666.6019525833334
1bbf041c-f23c-437e-9c9b-2bd43d310a7c,2019-01-11 13:00:00,1242.9731665000006,599.4656752000003,643.5074822999998,121,507.8236314999999,244.9150508666667,262.90857571666663
1bbf041c-f23c-437e-9c9b-2bd43d310a7c,2019-01-11 14:00:00,85.41699730000002,2.2756274429999994,83.14136995000003,121,32.78477753333334,0.8734320086666666,31.911345474999997
1bbf041c-f23c-437e-9c9b-2bd43d310a7c,2019-01-11 15:00:00,297.9392036,0.0,297.9392036,121,121.72472575,0.0,121.72472575
1bbf041c-f23c-437e-9c9b-2bd43d310a7c,2019-01-11 16:00:00,556.8712270999998,144.91171849999995,411.9595056999999,121,227.51285034999995,59.204492208333335,168.3083569416667
1bbf041c-f23c-437e-9c9b-2bd43d310a7c,2019-01-11 17:00:00,0.0,0.0,0.0,121,0.0,0.0,0.0
1bbf041c-f23c-437e-9c9b-2bd43d310a7c,2019-01-11 18:00:00,0.0,0.0,0.0,121,0.0,0.0,0.0
1bbf041c-f23c-437e-9c9b-2bd43d310a7c,2019-01-11 19:00:00,0.0,0.0,0.0,121,0.0,0.0,0.0
1bbf041c-f23c-437e-9c9b-2bd43d310a7c,2019-01-11 20:00:00,0.0,0.0,0.0,121,0.0,0.0,0.0
1bbf041c-f23c-437e-9c9b-2bd43d310a7c,2019-01-11 21:00:00,513.8594378999999,154.83000329999996,359.0294372000001,121,209.9401443333333,63.25666245000001,146.6834820833333
1bbf041c-f23c-437e-9c9b-2bd43d310a7c,2019-01-11 22:00:00,0.0,0.0,0.0,121,0.0,0.0,0.0
1bbf041c-f23c-437e-9c9b-2bd43d310a7c,2019-01-11 23:00:00,839.3691725000002,182.1075016000001,657.2616619000001,121,342.92896416666673,74.401037225,268.52792315000005
1bbf041c-f23c-437e-9c9b-2bd43d310a7c,2019-01-12 00:00:00,3242.515099,774.1944070000001,2468.3207159999997,121,1324.7476598333337,316.3014493333334,1008.4462198333335
1bbf041c-f23c-437e-9c9b-2bd43d310a7c,2019-01-12 01:00:00,1853.6091170000004,266.04441990000004,1587.5647099999996,121,757.302361,108.69393370000004,648.6084285833333
1bbf041c-f23c-437e-9c9b-2bd43d310a7c,2019-01-12 02:00:00,424.8168710999999,0.0,424.8168710999999,121,173.56130646666674,0.0,173.56130646666674
1bbf041c-f23c-437e-9c9b-2bd43d310a7c,2019-01-12 03:00:00,284.1051085,0.0,284.1051085,121,116.0727292,0.0,116.0727292
1bbf041c-f23c-437e-9c9b-2bd43d310a7c,2019-01-12 04:00:00,0.0,0.0,0.0,121,0.0,0.0,0.0
1bbf041c-f23c-437e-9c9b-2bd43d310a7c,2019-01-12 05:00:00,0.0,0.0,0.0,121,0.0,0.0,0.0
1bbf041c-f23c-437e-9c9b-2bd43d310a7c,2019-01-12 06:00:00,0.0,0.0,0.0,121,0.0,0.0,0.0
1bbf041c-f23c-437e-9c9b-2bd43d310a7c,2019-01-12 07:00:00,0.0,0.0,0.0,121,0.0,0.0,0.0
1bbf041c-f23c-437e-9c9b-2bd43d310a7c,2019-01-12 08:00:00,0.0,0.0,0.0,121,0.0,0.0,0.0
1bbf041c-f23c-437e-9c9b-2bd43d310a7c,2019-01-12 09:00:00,658.6379699000001,190.6938785,467.9440904,121,269.09022265,77.909049275,191.18117220833335
1bbf041c-f23c-437e-9c9b-2bd43d310a7c,2019-01-12 10:00:00,1141.1531450000004,313.7534034000001,827.399739,121,466.22449141666664,128.18570586666667,338.03878558333327
1bbf041c-f23c-437e-9c9b-2bd43d310a7c,2019-01-12 11:00:00,605.4326348000002,50.48823742999999,554.9444008999999,121,247.35288439999997,20.627251465,226.7256341166666
1bbf041c-f23c-437e-9c9b-2bd43d310a7c,2019-01-12 12:00:00,3867.4024980000004,2576.0188960000005,1291.38363,121,1580.0488983333344,1052.446911,527.6019951666668
1bbf041c-f23c-437e-9c9b-2bd43d310a7c,2019-01-12 13:00:00,3092.559928999999,1241.4015069999998,1851.1584260000004,121,1263.4826301666667,507.1815206666667,756.3011130000002
1bbf041c-f23c-437e-9c9b-2bd43d310a7c,2019-01-12 14:00:00,984.2098489999997,0.0,984.2098489999997,121,402.10443225,0.0,402.10443225
1bbf041c-f23c-437e-9c9b-2bd43d310a7c,2019-01-12 15:00:00,712.6246808,50.93220701999999,661.6924759999999,121,291.14679455,20.808637664999992,270.3381576666666
1bbf041c-f23c-437e-9c9b-2bd43d310a7c,2019-01-12 16:00:00,371.93119740000003,1.038889158,370.89230679999986,121,151.95456851666668,0.42444396975000004,151.53012356666665
1bbf041c-f23c-437e-9c9b-2bd43d310a7c,2019-01-12 17:00:00,170.51989339999997,0.0,170.51989339999997,121,69.66685495000002,0.0,69.66685495000002
1bbf041c-f23c-437e-9c9b-2bd43d310a7c,2019-01-12 18:00:00,413.6110753,12.031579553999997,401.579491,121,168.98311544999996,4.915569043166666,164.06754448333336
1bbf041c-f23c-437e-9c9b-2bd43d310a7c,2019-01-12 19:00:00,226.89516720000003,226.89516720000003,0.0,121,92.69928821666666,92.69928821666666,0.0
1bbf041c-f23c-437e-9c9b-2bd43d310a7c,2019-01-12 20:00:00,872.2850787999998,50.56815153,821.7169224999999,121,356.37694246666666,20.659900799999996,335.71703949999994
1bbf041c-f23c-437e-9c9b-2bd43d310a7c,2019-01-12 21:00:00,0.0,0.0,0.0,121,0.0,0.0,0.0
1bbf041c-f23c-437e-9c9b-2bd43d310a7c,2019-01-12 22:00:00,1574.8671560000005,609.8545743999999,965.0126010000001,121,643.4207760833334,249.15949291666658,394.26128800000015
1bbf041c-f23c-437e-9c9b-2bd43d310a7c,2019-01-12 23:00:00,2010.126213999999,268.5928064,1741.5333989999997,121,821.2482935833331,109.73509109999999,711.5131983333333
1bbf041c-f23c-437e-9c9b-2bd43d310a7c,2019-01-13 00:00:00,0.0,0.0,0.0,121,0.0,0.0,0.0
1bbf041c-f23c-437e-9c9b-2bd43d310a7c,2019-01-13 01:00:00,168.1757324,3.4452050699999996,164.73052749999997,121,68.70913504999999,1.4075577763333336,67.30157712500001
1bbf041c-f23c-437e-9c9b-2bd43d310a7c,2019-01-13 02:00:00,0.0,0.0,0.0,121,0.0,0.0,0.0
1bbf041c-f23c-437e-9c9b-2bd43d310a7c,2019-01-13 03:00:00,0.0,0.0,0.0,121,0.0,0.0,0.0
1bbf041c-f23c-437e-9c9b-2bd43d310a7c,2019-01-13 04:00:00,0.0,0.0,0.0,121,0.0,0.0,0.0
1bbf041c-f23c-437e-9c9b-2bd43d310a7c,2019-01-13 05:00:00,0.0,0.0,0.0,121,0.0,0.0,0.0
1bbf041c-f23c-437e-9c9b-2bd43d310a7c,2019-01-13 06:00:00,0.0,0.0,0.0,121,0.0,0.0,0.0
1bbf041c-f23c-437e-9c9b-2bd43d310a7c,2019-01-13 07:00:00,164.61509420000007,3.3652905080000006,161.2498051,121,67.25441643333336,1.374908238416667,65.87950849166667
1bbf041c-f23c-437e-9c9b-2bd43d310a7c,2019-01-13 08:00:00,0.0,0.0,0.0,121,0.0,0.0,0.0
1bbf041c-f23c-437e-9c9b-2bd43d310a7c,2019-01-13 09:00:00,5560.871724,3167.395443000001,2393.4762990000004,121,2271.925207,1294.0571016666665,977.8681155
1bbf041c-f23c-437e-9c9b-2bd43d310a7c,2019-01-13 10:00:00,398.19644840000007,132.25858199999996,265.93786520000003,121,162.68538293333327,54.03498264999999,108.65040080833334
1bbf041c-f23c-437e-9c9b-2bd43d310a7c,2019-01-13 11:00:00,4230.054808000001,2280.2818089999996,1949.7729630000001,121,1728.212521500001,931.6218678333333,796.5906352500001
1bbf041c-f23c-437e-9c9b-2bd43d310a7c,2019-01-13 12:00:00,432.21340260000017,98.40144949999997,333.81196120000016,121,176.5832005666667,40.202462,136.38074108333336
1bbf041c-f23c-437e-9c9b-2bd43d310a7c,2019-01-13 13:00:00,168.79729010000005,3.4807226210000004,165.31656690000003,121,68.96307574999999,1.4220686711666672,67.54100666666668
1bbf041c-f23c-437e-9c9b-2bd43d310a7c,2019-01-13 14:00:00,191.59957290000003,4.688320299,186.91125459999998,121,78.27907595833332,1.915439443,76.36363733333333
1bbf041c-f23c-437e-9c9b-2bd43d310a7c,2019-01-13 15:00:00,55.8704006,38.49254911000001,17.37785161,121,20.2831763,13.974325429999999,6.308850941666669
1bbf041c-f23c-437e-9c9b-2bd43d310a7c,2019-01-13 16:00:00,165.81381290000002,3.587275388,162.22653879999996,121,67.74415948333333,1.465601402666667,66.278558675
1bbf041c-f23c-437e-9c9b-2bd43d310a7c,2019-01-13 17:00:00,0.0,0.0,0.0,121,0.0,0.0,0.0
1bbf041c-f23c-437e-9c9b-2bd43d310a7c,2019-01-13 18:00:00,556.4805293999999,239.87684459999997,316.60369,121,227.35322883333333,98.00302498333332,129.3502065833333
1bbf041c-f23c-437e-9c9b-2bd43d310a7c,2019-01-13 19:00:00,0.0,0.0,0.0,121,0.0,0.0,0.0
1bbf041c-f23c-437e-9c9b-2bd43d310a7c,2019-01-13 20:00:00,878.0655796,316.03540469999996,562.0301473000001,121,358.73859743333344,129.11803038333335,229.62055674999993
1bbf041c-f23c-437e-9c9b-2bd43d310a7c,2019-01-13 21:00:00,442.4335919999998,83.67053406000001,358.76305550000006,121,180.75871569999998,34.18406410500002,146.5746507916667
1bbf041c-f23c-437e-9c9b-2bd43d310a7c,2019-01-13 22:00:00,814.0984085999996,245.26663770000005,568.8317654,121,332.60445284999986,100.2050546833333,232.39939593333344
1bbf041c-f23c-437e-9c9b-2bd43d310a7c,2019-01-13 23:00:00,133.35074749999998,0.0,133.35074749999998,121,54.481192783333334,0.0,54.481192783333334
1bbf041c-f23c-437e-9c9b-2bd43d310a7c,2019-01-14 00:00:00,161.37411590000002,0.0,161.37411590000002,121,65.93029647499999,0.0,65.93029647499999
1bbf041c-f23c-437e-9c9b-2bd43d310a7c,2019-01-14 01:00:00,0.0,0.0,0.0,121,0.0,0.0,0.0
1bbf041c-f23c-437e-9c9b-2bd43d310a7c,2019-01-14 02:00:00,0.0,0.0,0.0,121,0.0,0.0,0.0
1bbf041c-f23c-437e-9c9b-2bd43d310a7c,2019-01-14 03:00:00,0.0,0.0,0.0,121,0.0,0.0,0.0
1bbf041c-f23c-437e-9c9b-2bd43d310a7c,2019-01-14 04:00:00,0.0,0.0,0.0,121,0.0,0.0,0.0
1bbf041c-f23c-437e-9c9b-2bd43d310a7c,2019-01-14 05:00:00,0.0,0.0,0.0,121,0.0,0.0,0.0
1bbf041c-f23c-437e-9c9b-2bd43d310a7c,2019-01-14 06:00:00,215.5561823,8.89715327,206.65902800000003,121,88.06668256666669,3.634981674166667,84.43170024166668
1bbf041c-f23c-437e-9c9b-2bd43d310a7c,2019-01-14 07:00:00,254.95405140000005,83.47518821000001,171.47886919999993,121,104.16290207499999,34.10425439333334,70.05864964166665
1bbf041c-f23c-437e-9c9b-2bd43d310a7c,2019-01-14 08:00:00,1244.9266185000001,361.2670436,883.6595829999999,121,508.6217263333331,147.5976682833333,361.02405866666663
1bbf041c-f23c-437e-9c9b-2bd43d310a7c,2019-01-14 09:00:00,5608.944850000001,3284.603467000001,2324.341358,121,2291.5657491666666,1341.9430923333332,949.6226467500001
1bbf041c-f23c-437e-9c9b-2bd43d310a7c,2019-01-14 10:00:00,0.0,0.0,0.0,121,0.0,0.0,0.0
1bbf041c-f23c-437e-9c9b-2bd43d310a7c,2019-01-14 11:00:00,0.0,0.0,0.0,121,0.0,0.0,0.0
1bbf041c-f23c-437e-9c9b-2bd43d310a7c,2019-01-14 12:00:00,321.86029349999995,11.720800820000003,310.13949170000006,121,131.49782083333335,4.788598654166666,126.70922168333337
1bbf041c-f23c-437e-9c9b-2bd43d310a7c,2019-01-14 13:00:00,332.0715960999999,98.5790384,233.49255870000005,121,135.6697055166667,40.27501668333334,95.39468911666667
1bbf041c-f23c-437e-9c9b-2bd43d310a7c,2019-01-14 14:00:00,36.479345800000004,0.0,36.479345800000004,121,12.320692991666668,0.0,12.320692991666668
1bbf041c-f23c-437e-9c9b-2bd43d310a7c,2019-01-14 15:00:00,595.2124485,14.144875370000001,581.0675751999999,121,243.17737049999994,5.778967855833333,237.39840340000003
1bbf041c-f23c-437e-9c9b-2bd43d310a7c,2019-01-14 16:00:00,3350.4175270000005,2037.4569770000007,1312.960548,121,1368.8317971666665,832.4144284999996,536.4173676666666
1bbf041c-f23c-437e-9c9b-2bd43d310a7c,2019-01-14 17:00:00,631.5114186000001,21.745637350000003,609.7657822,121,258.00751808333337,8.884301610000001,249.12321585
1bbf041c-f23c-437e-9c9b-2bd43d310a7c,2019-01-14 18:00:00,361.35583879999996,0.0,361.35583879999996,121,147.6339465333333,0.0,147.6339465333333
1bbf041c-f23c-437e-9c9b-2bd43d310a7c,2019-01-14 19:00:00,168.28228520000002,4.049003942,164.23328100000006,121,68.75266750833335,1.6542431750000002,67.09842433333333
1bbf041c-f23c-437e-9c9b-2bd43d310a7c,2019-01-14 20:00:00,300.3011244000001,200.88742000000005,99.41370067,121,122.68970166666668,82.07367773333333,40.61602268666667
1bbf041c-f23c-437e-9c9b-2bd43d310a7c,2019-01-14 21:00:00,214.49065259999995,45.10732411000001,169.38332929999999,121,87.63135441666665,18.42884924166667,69.20250559166666
1bbf041c-f23c-437e-9c9b-2bd43d310a7c,2019-01-14 22:00:00,727.9771658999999,53.87128672999997,674.1058790000001,121,297.41913839999995,22.009415156666662,275.40972256666663
1bbf041c-f23c-437e-9c9b-2bd43d310a7c,2019-01-14 23:00:00,0.0,0.0,0.0,121,0.0,0.0,0.0
1bbf041c-f23c-437e-9c9b-2bd43d310a7c,2019-01-15 00:00:00,159.70479070000002,0.0,159.70479070000002,121,65.24828438333334,0.0,65.24828438333334
1bbf041c-f23c-437e-9c9b-2bd43d310a7c,2019-01-15 01:00:00,0.0,0.0,0.0,121,0.0,0.0,0.0
1bbf041c-f23c-437e-9c9b-2bd43d310a7c,2019-01-15 02:00:00,0.0,0.0,0.0,121,0.0,0.0,0.0
1bbf041c-f23c-437e-9c9b-2bd43d310a7c,2019-01-15 03:00:00,0.0,0.0,0.0,121,0.0,0.0,0.0
1bbf041c-f23c-437e-9c9b-2bd43d310a7c,2019-01-15 04:00:00,0.0,0.0,0.0,121,0.0,0.0,0.0
1bbf041c-f23c-437e-9c9b-2bd43d310a7c,2019-01-15 05:00:00,0.0,0.0,0.0,121,0.0,0.0,0.0
1bbf041c-f23c-437e-9c9b-2bd43d310a7c,2019-01-15 06:00:00,574.6300183999999,270.40420030000007,304.2258151,121,234.7683040833333,110.4751468416667,124.29315593333337
1bbf041c-f23c-437e-9c9b-2bd43d310a7c,2019-01-15 07:00:00,0.0,0.0,0.0,121,0.0,0.0,0.0
1bbf041c-f23c-437e-9c9b-2bd43d310a7c,2019-01-15 08:00:00,0.0,0.0,0.0,121,0.0,0.0,0.0
1bbf041c-f23c-437e-9c9b-2bd43d310a7c,2019-01-15 09:00:00,199.74198079999996,40.58771207,159.15426760000003,121,81.60570190833333,16.58233655833334,65.02336496666665
1bbf041c-f23c-437e-9c9b-2bd43d310a7c,2019-01-15 10:00:00,385.77417469999995,122.5711631,263.20301089999987,121,157.61019438333335,50.077133341666666,107.53306015833336
1bbf041c-f23c-437e-9c9b-2bd43d310a7c,2019-01-15 11:00:00,707.1194609999997,68.58444306000003,638.5350176999999,121,288.89760550000005,28.02055739000001,260.8770488833334
1bbf041c-f23c-437e-9c9b-2bd43d310a7c,2019-01-15 12:00:00,4176.289991,2433.7976579999995,1742.4923790000003,121,1706.2466030833334,994.3416295833333,711.9049960833336
1bbf041c-f23c-437e-9c9b-2bd43d310a7c,2019-01-15 13:00:00,2142.5978999999998,328.14690029999997,1814.451001,121,875.3703415000001,134.06624940000003,741.3040923333334
1bbf041c-f23c-437e-9c9b-2bd43d310a7c,2019-01-15 14:00:00,500.26508819999987,83.89251879,416.37257280000006,121,204.38609631666674,34.27475718666667,170.11134048333332
1bbf041c-f23c-437e-9c9b-2bd43d310a7c,2019-01-15 15:00:00,1274.5838130000002,90.87172308,1183.712093,121,520.7383352500002,37.126150055000004,483.61218783333345
1bbf041c-f23c-437e-9c9b-2bd43d310a7c,2019-01-15 16:00:00,2522.7069930000007,1173.820445,1348.8865770000002,121,1030.6660378333331,479.57089850000006,551.0951470000002
1bbf041c-f23c-437e-9c9b-2bd43d310a7c,2019-01-15 17:00:00,5822.059187000001,3889.068237000002,1932.990919,121,2378.634807666667,1588.9005513333334,789.7342385833333
1bbf041c-f23c-437e-9c9b-2bd43d310a7c,2019-01-15 18:00:00,269.43634900000006,31.48633318,237.95001369999997,121,110.07972540833332,12.863917323333336,97.21580740833335
1bbf041c-f23c-437e-9c9b-2bd43d310a7c,2019-01-15 19:00:00,85.99655720000001,8.267260719999998,77.72929630000002,121,33.00722436666667,3.1731424908333334,29.834081791666677
1bbf041c-f23c-437e-9c9b-2bd43d310a7c,2019-01-15 20:00:00,575.1894152000001,192.46975649999996,382.7196637000001,121,234.99684903333332,78.63459431666665,156.36225656666667
1bbf041c-f23c-437e-9c9b-2bd43d310a7c,2019-01-15 21:00:00,1900.0483630000003,919.5145735,980.5337740000001,121,776.2753731666664,375.67281575000004,400.6025493333334
1bbf041c-f23c-437e-9c9b-2bd43d310a7c,2019-01-15 22:00:00,541.7673805999999,64.00267619999998,477.76469979999985,121,221.34208940000008,26.148650890000003,195.19343718333334
1bbf041c-f23c-437e-9c9b-2bd43d310a7c,2019-01-15 23:00:00,165.05018460000002,0.0,165.05018460000002,121,67.43217504166668,0.0,67.43217504166668
1bbf041c-f23c-437e-9c9b-2bd43d310a7c,2019-01-16 00:00:00,0.0,0.0,0.0,121,0.0,0.0,0.0
1bbf041c-f23c-437e-9c9b-2bd43d310a7c,2019-01-16 01:00:00,0.0,0.0,0.0,121,0.0,0.0,0.0
1bbf041c-f23c-437e-9c9b-2bd43d310a7c,2019-01-16 02:00:00,0.0,0.0,0.0,121,0.0,0.0,0.0
1bbf041c-f23c-437e-9c9b-2bd43d310a7c,2019-01-16 03:00:00,0.0,0.0,0.0,121,0.0,0.0,0.0
1bbf041c-f23c-437e-9c9b-2bd43d310a7c,2019-01-16 04:00:00,0.0,0.0,0.0,121,0.0,0.0,0.0
1bbf041c-f23c-437e-9c9b-2bd43d310a7c,2019-01-16 05:00:00,0.0,0.0,0.0,121,0.0,0.0,0.0
1bbf041c-f23c-437e-9c9b-2bd43d310a7c,2019-01-16 06:00:00,203.39141010000003,12.093735280000002,191.2976769,121,83.09669698333333,4.940963098333336,78.15573478333333
1bbf041c-f23c-437e-9c9b-2bd43d310a7c,2019-01-16 07:00:00,167.6429689,4.120039033,163.52293219999999,121,68.49147129166666,1.6832649635833337,66.80820713333333
1bbf041c-f23c-437e-9c9b-2bd43d310a7c,2019-01-16 08:00:00,2298.5555999999997,373.91130350000003,1924.6442649999997,121,939.0877296666666,152.76355146666668,786.3241680833332
1bbf041c-f23c-437e-9c9b-2bd43d310a7c,2019-01-16 09:00:00,3768.059853999999,2132.066943,1635.9929329999998,121,1539.4619009166663,871.0678609999999,668.3940504999998
1bbf041c-f23c-437e-9c9b-2bd43d310a7c,2019-01-16 10:00:00,2095.9278090000003,1538.3195990000002,557.6082187000001,121,856.3030139166666,628.4890634166666,227.81395208333333
1bbf041c-f23c-437e-9c9b-2bd43d310a7c,2019-01-16 11:00:00,1101.471134,300.94043629999993,800.5306885000001,121,450.0121845,122.95089621666665,327.0612854166667
1bbf041c-f23c-437e-9c9b-2bd43d310a7c,2019-01-16 12:00:00,1317.0805875000003,0.0,1317.0805875000003,121,538.10063125,0.0,538.10063125
1bbf041c-f23c-437e-9c9b-2bd43d310a7c,2019-01-16 13:00:00,1182.948453,667.1444240999999,515.8040303999999,121,483.3002000833334,272.56558111666664,210.7346179333333
1bbf041c-f23c-437e-9c9b-2bd43d310a7c,2019-01-16 14:00:00,1034.431703,267.1099464999999,767.3217514,121,422.62285016666675,109.12926081666664,313.4935879
1bbf041c-f23c-437e-9c9b-2bd43d310a7c,2019-01-16 15:00:00,402.130019,20.173984570000002,381.95603790000007,121,164.29246526666677,8.2421940825,156.05027291666667
1bbf041c-f23c-437e-9c9b-2bd43d310a7c,2019-01-16 16:00:00,1280.5862825,648.4621793,632.1241004999999,121,523.1906800000002,264.9328455000001,258.257832
1bbf041c-f23c-437e-9c9b-2bd43d310a7c,2019-01-16 17:00:00,0.0,0.0,0.0,121,0.0,0.0,0.0
1bbf041c-f23c-437e-9c9b-2bd43d310a7c,2019-01-16 18:00:00,665.759245,533.1366033000002,132.62263730000004,121,271.9996588333332,217.81593783333332,54.18371918333333
1bbf041c-f23c-437e-9c9b-2bd43d310a7c,2019-01-16 19:00:00,359.6509960000001,190.17887010000004,169.47212420000002,121,146.93742333333336,77.69863971666668,69.23878296666668
1bbf041c-f23c-437e-9c9b-2bd43d310a7c,2019-01-16 20:00:00,2070.2841,1244.1629899999998,826.1211129999999,121,845.826136,508.3097400833334,337.5163936666667
1bbf041c-f23c-437e-9c9b-2bd43d310a7c,2019-01-16 21:00:00,1487.9556450000005,960.5373779999999,527.4182764999999,121,607.9125929166669,392.4329105833332,215.47968256666664
1bbf041c-f23c-437e-9c9b-2bd43d310a7c,2019-01-16 22:00:00,424.008851,149.2803819,274.72846599999997,121,173.23118436666667,60.98933375833333,112.24184980833328
1bbf041c-f23c-437e-9c9b-2bd43d310a7c,2019-01-16 23:00:00,471.6024001000002,39.22916533,432.37324000000007,121,192.6757948333334,16.027294596666668,176.6485024
1bbf041c-f23c-437e-9c9b-2bd43d310a7c,2019-01-17 00:00:00,0.0,0.0,0.0,121,0.0,0.0,0.0
1bbf041c-f23c-437e-9c9b-2bd43d310a7c,2019-01-17 01:00:00,0.0,0.0,0.0,121,0.0,0.0,0.0
1bbf041c-f23c-437e-9c9b-2bd43d310a7c,2019-01-17 02:00:00,0.0,0.0,0.0,121,0.0,0.0,0.0
1bbf041c-f23c-437e-9c9b-2bd43d310a7c,2019-01-17 03:00:00,0.0,0.0,0.0,121,0.0,0.0,0.0
1bbf041c-f23c-437e-9c9b-2bd43d310a7c,2019-01-17 04:00:00,0.0,0.0,0.0,121,0.0,0.0,0.0
1bbf041c-f23c-437e-9c9b-2bd43d310a7c,2019-01-17 05:00:00,0.0,0.0,0.0,121,0.0,0.0,0.0
1bbf041c-f23c-437e-9c9b-2bd43d310a7c,2019-01-17 06:00:00,0.0,0.0,0.0,121,0.0,0.0,0.0
1bbf041c-f23c-437e-9c9b-2bd43d310a7c,2019-01-17 07:00:00,0.0,0.0,0.0,121,0.0,0.0,0.0
1bbf041c-f23c-437e-9c9b-2bd43d310a7c,2019-01-17 08:00:00,1223.527294,333.68764610000005,889.839647,121,499.8789091666666,136.32995209999999,363.54895708333345
1bbf041c-f23c-437e-9c9b-2bd43d310a7c,2019-01-17 09:00:00,570.341271,299.4664563,270.8748079,121,233.0161122,122.3486941,110.66741626666663
1bbf041c-f23c-437e-9c9b-2bd43d310a7c,2019-01-17 10:00:00,409.2512928000001,67.46564017999998,341.7856514,121,167.20190154166667,27.563464206666666,139.638437325
1bbf041c-f23c-437e-9c9b-2bd43d310a7c,2019-01-17 11:00:00,815.3592839999999,224.08040219999998,591.2788794,121,333.11958958333327,91.54929981666668,241.57028895
1bbf041c-f23c-437e-9c9b-2bd43d310a7c,2019-01-17 12:00:00,1327.8601829999996,279.6298916999999,1048.2302710000001,121,542.5046949166667,114.24435399999999,428.26033399999994
1bbf041c-f23c-437e-9c9b-2bd43d310a7c,2019-01-17 13:00:00,228.43130480000008,97.69109879999998,130.7402055,121,93.32688565000002,39.91224402500001,53.41464115833333
1bbf041c-f23c-437e-9c9b-2bd43d310a7c,2019-01-17 14:00:00,1450.3247860000001,1072.240173,378.0846182999999,121,592.5382911666667,438.0697119166666,154.46858335
1bbf041c-f23c-437e-9c9b-2bd43d310a7c,2019-01-17 15:00:00,440.9329743,373.7337174999999,67.1992581,121,180.1456294833333,152.69099766666665,27.45463225666666
1bbf041c-f23c-437e-9c9b-2bd43d310a7c,2019-01-17 16:00:00,6321.223156,4161.860994000001,2159.362201,121,2582.5710408333334,1700.3515516666666,882.2194883333332
1bbf041c-f23c-437e-9c9b-2bd43d310a7c,2019-01-17 17:00:00,249.4577095,64.58871511999999,184.8689942,121,101.91734081666662,26.388080436666662,75.52926028333334
1bbf041c-f23c-437e-9c9b-2bd43d310a7c,2019-01-17 18:00:00,0.0,0.0,0.0,121,0.0,0.0,0.0
1bbf041c-f23c-437e-9c9b-2bd43d310a7c,2019-01-17 19:00:00,380.7306772,15.41462898,365.31605079999997,121,155.54964531666667,6.297732781666668,149.25191329166665
1bbf041c-f23c-437e-9c9b-2bd43d310a7c,2019-01-17 20:00:00,0.0,0.0,0.0,121,0.0,0.0,0.0
1bbf041c-f23c-437e-9c9b-2bd43d310a7c,2019-01-17 21:00:00,345.03551659999994,11.45441908,333.58109150000007,121,140.96618742499996,4.679766904999999,136.28641866666666
1bbf041c-f23c-437e-9c9b-2bd43d310a7c,2019-01-17 22:00:00,1293.887607,490.1958527,803.6917505000002,121,528.6250103333333,200.27225419999994,328.35275508333336
1bbf041c-f23c-437e-9c9b-2bd43d310a7c,2019-01-17 23:00:00,577.4802973000001,112.8571045,464.62319449999984,121,235.93280165,46.108400341666666,189.82440210000001
1bbf041c-f23c-437e-9c9b-2bd43d310a7c,2019-01-18 00:00:00,162.20877979999995,0.0,162.20877979999995,121,66.27130295000002,0.0,66.27130295000002
1bbf041c-f23c-437e-9c9b-2bd43d310a7c,2019-01-18 01:00:00,0.0,0.0,0.0,121,0.0,0.0,0.0
1bbf041c-f23c-437e-9c9b-2bd43d310a7c,2019-01-18 02:00:00,0.0,0.0,0.0,121,0.0,0.0,0.0
1bbf041c-f23c-437e-9c9b-2bd43d310a7c,2019-01-18 03:00:00,0.0,0.0,0.0,121,0.0,0.0,0.0
1bbf041c-f23c-437e-9c9b-2bd43d310a7c,2019-01-18 04:00:00,0.0,0.0,0.0,121,0.0,0.0,0.0
1bbf041c-f23c-437e-9c9b-2bd43d310a7c,2019-01-18 05:00:00,0.0,0.0,0.0,121,0.0,0.0,0.0
1bbf041c-f23c-437e-9c9b-2bd43d310a7c,2019-01-18 06:00:00,0.0,0.0,0.0,121,0.0,0.0,0.0
1bbf041c-f23c-437e-9c9b-2bd43d310a7c,2019-01-18 07:00:00,0.0,0.0,0.0,121,0.0,0.0,0.0
1bbf041c-f23c-437e-9c9b-2bd43d310a7c,2019-01-18 08:00:00,1367.5865870000005,310.51242750000006,1057.0741615,121,558.7351378333335,126.86158636666669,431.8735533333333
1bbf041c-f23c-437e-9c9b-2bd43d310a7c,2019-01-18 09:00:00,1427.2205890000002,655.2282800000002,771.9923172999999,121,583.0989438333334,267.6971742333333,315.4017729666666
1bbf041c-f23c-437e-9c9b-2bd43d310a7c,2019-01-18 10:00:00,8083.5699239999985,4305.831493,3777.738401,121,3302.587653666666,1759.1715120000008,1543.4161291666667
1bbf041c-f23c-437e-9c9b-2bd43d310a7c,2019-01-18 11:00:00,2271.136009,336.4757805,1934.660239,121,927.8853056666666,137.46905908333335,790.4162485
1bbf041c-f23c-437e-9c9b-2bd43d310a7c,2019-01-18 12:00:00,1544.8903325,301.9704532999999,1242.9198979999999,121,631.1735749999999,123.3717152833333,507.80186591666654
1bbf041c-f23c-437e-9c9b-2bd43d310a7c,2019-01-18 13:00:00,1463.9990650000002,6.730581045000002,1457.2684780000002,121,598.1249932500001,2.749816489666667,595.3751774166666
1bbf041c-f23c-437e-9c9b-2bd43d310a7c,2019-01-18 14:00:00,462.5099009,0.0,462.5099009,121,188.9610034333333,0.0,188.9610034333333
1bbf041c-f23c-437e-9c9b-2bd43d310a7c,2019-01-18 15:00:00,1007.7402450000001,192.06130410000003,815.6789329000002,121,411.7179059166667,78.46771868333335,333.2501849000001
1bbf041c-f23c-437e-9c9b-2bd43d310a7c,2019-01-18 16:00:00,336.67112369999995,60.37988293,276.29124310000003,121,137.54886816666664,24.668538466666668,112.88033063333337
1bbf041c-f23c-437e-9c9b-2bd43d310a7c,2019-01-18 17:00:00,769.6126324000002,47.682348680000004,721.9302924,121,314.4295389833334,19.480889890000004,294.94865373333334
1bbf041c-f23c-437e-9c9b-2bd43d310a7c,2019-01-18 18:00:00,6205.826631999999,3207.130734000002,2998.6958219999997,121,2535.425127333333,1310.2911743333334,1225.133930833333
1bbf041c-f23c-437e-9c9b-2bd43d310a7c,2019-01-18 19:00:00,1402.447084,236.10309989999996,1166.3439849999997,121,572.9775895833332,96.46124070833332,476.51635275
1bbf041c-f23c-437e-9c9b-2bd43d310a7c,2019-01-18 20:00:00,553.3816244999999,6.091264668000001,547.2903610000001,121,226.0871539166666,2.488620202000001,223.59853375
1bbf041c-f23c-437e-9c9b-2bd43d310a7c,2019-01-18 21:00:00,965.3500130000001,0.0,965.3500130000001,121,394.3991409166667,0.0,394.3991409166667
1bbf041c-f23c-437e-9c9b-2bd43d310a7c,2019-01-18 22:00:00,1493.372094,884.849414,608.5226637,121,610.1255109166668,361.51017233333334,248.61533386666665
1bbf041c-f23c-437e-9c9b-2bd43d310a7c,2019-01-18 23:00:00,13.2676516,2.27988278,10.987768520000001,121,3.485699533333334,0.5989745999999999,2.886724846666667
1bbf041c-f23c-437e-9c9b-2bd43d310a7c,2019-01-19 00:00:00,477.94228830000003,63.523188839999996,414.41909429999987,121,195.26599200000004,25.952753694999995,169.31323578333334
1bbf041c-f23c-437e-9c9b-2bd43d310a7c,2019-01-19 01:00:00,249.35115760000005,0.0,249.35115760000005,121,101.87380813333334,0.0,101.87380813333334
1bbf041c-f23c-437e-9c9b-2bd43d310a7c,2019-01-19 02:00:00,714.2407440999999,0.0,714.2407440999999,121,291.8070446000001,0.0,291.8070446000001
1bbf041c-f23c-437e-9c9b-2bd43d310a7c,2019-01-19 03:00:00,178.56462399999995,14.491172039999995,164.0734503,121,72.95357449999999,5.920449269166666,67.03312476666667
1bbf041c-f23c-437e-9c9b-2bd43d310a7c,2019-01-19 04:00:00,0.0,0.0,0.0,121,0.0,0.0,0.0
1bbf041c-f23c-437e-9c9b-2bd43d310a7c,2019-01-19 05:00:00,0.0,0.0,0.0,121,0.0,0.0,0.0
1bbf041c-f23c-437e-9c9b-2bd43d310a7c,2019-01-19 06:00:00,1330.701576,233.45704129999996,1097.244543,121,543.6655619166667,95.38017829166665,448.2853869166666
1bbf041c-f23c-437e-9c9b-2bd43d310a7c,2019-01-19 07:00:00,0.0,0.0,0.0,121,0.0,0.0,0.0
1bbf041c-f23c-437e-9c9b-2bd43d310a7c,2019-01-19 08:00:00,0.0,0.0,0.0,121,0.0,0.0,0.0
1bbf041c-f23c-437e-9c9b-2bd43d310a7c,2019-01-19 09:00:00,801.613979,207.2095496999999,594.4044279999998,121,327.5038696666667,84.656619,242.84724983333325
1bbf041c-f23c-437e-9c9b-2bd43d310a7c,2019-01-19 10:00:00,668.4585729000001,169.84505760000002,498.6135227000002,121,273.10248451666666,69.39114718333332,203.7113396833333
1bbf041c-f23c-437e-9c9b-2bd43d310a7c,2019-01-19 11:00:00,890.0349835,53.15205591999998,836.8829335,121,363.628765,21.71556939,341.9131975
1bbf041c-f23c-437e-9c9b-2bd43d310a7c,2019-01-19 12:00:00,902.3595875000002,117.7585295,784.601056,121,368.6640503333334,48.11090494999999,320.5531450833333
1bbf041c-f23c-437e-9c9b-2bd43d310a7c,2019-01-19 13:00:00,228.44906229999998,41.89298356,186.5560785,121,93.33414063333336,17.115612451666664,76.21852784166667
1bbf041c-f23c-437e-9c9b-2bd43d310a7c,2019-01-19 14:00:00,1415.393257,26.211972800000005,1389.1812710000002,121,578.2668217500001,10.709047898333335,567.557767
1bbf041c-f23c-437e-9c9b-2bd43d310a7c,2019-01-19 15:00:00,2017.966721,185.0465807,1832.9201249999994,121,824.4515779166665,75.60181475,748.8497565833333
1bbf041c-f23c-437e-9c9b-2bd43d310a7c,2019-01-19 16:00:00,782.0793055,57.43192404,724.6473883999998,121,319.5228695000001,23.464133341666667,296.05873923333337
1bbf041c-f23c-437e-9c9b-2bd43d310a7c,2019-01-19 17:00:00,5308.137602999999,2749.397959000001,2558.7396020000006,121,2168.6692630000002,1123.2818923333334,1045.3873585000001
1bbf041c-f23c-437e-9c9b-2bd43d310a7c,2019-01-19 18:00:00,2399.1058479999997,1504.3647749999998,894.7410669999999,121,980.1680943333332,614.6166338333334,365.5514615
1bbf041c-f23c-437e-9c9b-2bd43d310a7c,2019-01-19 19:00:00,1242.0141950000002,284.7621826,957.2520030000002,121,507.4318350000001,116.34118039999998,391.09065341666684
1bbf041c-f23c-437e-9c9b-2bd43d310a7c,2019-01-19 20:00:00,1811.9647639999994,1193.0354529999995,618.9293190000002,121,740.2883269999999,487.42129825000006,252.86703101666672
1bbf041c-f23c-437e-9c9b-2bd43d310a7c,2019-01-19 21:00:00,301.38440539999993,90.28568386,211.09872380000007,121,123.13228258333329,36.88672042666667,86.24556261666663
1bbf041c-f23c-437e-9c9b-2bd43d310a7c,2019-01-19 22:00:00,0.0,0.0,0.0,121,0.0,0.0,0.0
1bbf041c-f23c-437e-9c9b-2bd43d310a7c,2019-01-19 23:00:00,2779.5878820000003,794.4216675000001,1985.16624,121,1135.6161540000003,324.5654097500001,811.0507586666669
1bbf041c-f23c-437e-9c9b-2bd43d310a7c,2019-01-20 00:00:00,852.5284210000002,5.753847725,846.7745835999999,121,348.30524991666664,2.3507666249999994,345.9544854333334
1bbf041c-f23c-437e-9c9b-2bd43d310a7c,2019-01-20 01:00:00,0.0,0.0,0.0,121,0.0,0.0,0.0
1bbf041c-f23c-437e-9c9b-2bd43d310a7c,2019-01-20 02:00:00,125.67895049999997,0.0,125.67895049999997,121,51.346837316666665,0.0,51.346837316666665
1bbf041c-f23c-437e-9c9b-2bd43d310a7c,2019-01-20 03:00:00,0.0,0.0,0.0,121,0.0,0.0,0.0
1bbf041c-f23c-437e-9c9b-2bd43d310a7c,2019-01-20 04:00:00,0.0,0.0,0.0,121,0.0,0.0,0.0
1bbf041c-f23c-437e-9c9b-2bd43d310a7c,2019-01-20 05:00:00,0.0,0.0,0.0,121,0.0,0.0,0.0
1bbf041c-f23c-437e-9c9b-2bd43d310a7c,2019-01-20 06:00:00,0.0,0.0,0.0,121,0.0,0.0,0.0
1bbf041c-f23c-437e-9c9b-2bd43d310a7c,2019-01-20 07:00:00,0.0,0.0,0.0,121,0.0,0.0,0.0
1bbf041c-f23c-437e-9c9b-2bd43d310a7c,2019-01-20 08:00:00,179.87877619999998,9.021464889999995,170.8573088,121,73.49047888333335,3.6857698841666657,69.80470820833331
1bbf041c-f23c-437e-9c9b-2bd43d310a7c,2019-01-20 09:00:00,1091.934655,289.9832657,801.9513949000001,121,446.11600491666667,118.4742836333333,327.6417215666666
1bbf041c-f23c-437e-9c9b-2bd43d310a7c,2019-01-20 10:00:00,1389.5009360000004,126.92206490000001,1262.578865,121,567.6883674999998,51.85471875,515.8336482499999
1bbf041c-f23c-437e-9c9b-2bd43d310a7c,2019-01-20 11:00:00,146.45673319999997,49.813403259999994,96.64333011,121,59.83571654999998,20.351544246666663,39.484172326666666
1bbf041c-f23c-437e-9c9b-2bd43d310a7c,2019-01-20 12:00:00,669.6128906999996,205.3448783,464.26802489999983,121,273.5740879833333,83.89479720000003,189.6792953666667
1bbf041c-f23c-437e-9c9b-2bd43d310a7c,2019-01-20 13:00:00,1664.7976730000005,346.84690830000005,1317.9507739999997,121,680.1623909166665,141.70624211666666,538.4561502500002
1bbf041c-f23c-437e-9c9b-2bd43d310a7c,2019-01-20 14:00:00,978.757897,40.08158661000001,938.6763160000002,121,399.87700666666655,16.375556121666662,383.5014510833333
1bbf041c-f23c-437e-9c9b-2bd43d310a7c,2019-01-20 15:00:00,3137.3209890000003,857.3055400000001,2280.015407,121,1281.770011,350.25696758333316,931.513031
1bbf041c-f23c-437e-9c9b-2bd43d310a7c,2019-01-20 16:00:00,364.8543214999999,12.200288025,352.65403439999994,121,149.06327145000003,4.984495825833333,144.07877579999996
1bbf041c-f23c-437e-9c9b-2bd43d310a7c,2019-01-20 17:00:00,8662.612976999997,5669.972965,2992.6401150000006,121,3539.158919333333,2316.4991275000007,1222.659833833333
1bbf041c-f23c-437e-9c9b-2bd43d310a7c,2019-01-20 18:00:00,698.595247,361.65773939999997,336.9375040999999,121,285.41499025,147.75729015,137.6576996166666
1bbf041c-f23c-437e-9c9b-2bd43d310a7c,2019-01-20 19:00:00,0.0,0.0,0.0,121,0.0,0.0,0.0
1bbf041c-f23c-437e-9c9b-2bd43d310a7c,2019-01-20 20:00:00,78.29414110000002,0.0,78.29414110000002,121,29.358388383333335,0.0,29.358388383333335
1bbf041c-f23c-437e-9c9b-2bd43d310a7c,2019-01-20 21:00:00,249.1913276,7.600761725,241.59056689999994,121,101.80850910000001,3.1053336574999997,98.70317571666665
1bbf041c-f23c-437e-9c9b-2bd43d310a7c,2019-01-20 22:00:00,167.96262969999995,0.0,167.96262969999995,121,68.62207040833333,0.0,68.62207040833333
1bbf041c-f23c-437e-9c9b-2bd43d310a7c,2019-01-20 23:00:00,174.63993290000002,0.0,174.63993290000002,121,71.35011989166667,0.0,71.35011989166667
1bbf041c-f23c-437e-9c9b-2bd43d310a7c,2019-01-21 00:00:00,0.0,0.0,0.0,121,0.0,0.0,0.0
1bbf041c-f23c-437e-9c9b-2bd43d310a7c,2019-01-21 01:00:00,287.21289579999996,72.04740665000001,215.165488,121,117.34243340833333,29.435370633333342,87.90706218333332
1bbf041c-f23c-437e-9c9b-2bd43d310a7c,2019-01-21 02:00:00,0.0,0.0,0.0,121,0.0,0.0,0.0
1bbf041c-f23c-437e-9c9b-2bd43d310a7c,2019-01-21 03:00:00,0.0,0.0,0.0,121,0.0,0.0,0.0
1bbf041c-f23c-437e-9c9b-2bd43d310a7c,2019-01-21 04:00:00,0.0,0.0,0.0,121,0.0,0.0,0.0
1bbf041c-f23c-437e-9c9b-2bd43d310a7c,2019-01-21 05:00:00,0.0,0.0,0.0,121,0.0,0.0,0.0
1bbf041c-f23c-437e-9c9b-2bd43d310a7c,2019-01-21 06:00:00,0.0,0.0,0.0,121,0.0,0.0,0.0
1bbf041c-f23c-437e-9c9b-2bd43d310a7c,2019-01-21 07:00:00,0.0,0.0,0.0,121,0.0,0.0,0.0
1bbf041c-f23c-437e-9c9b-2bd43d310a7c,2019-01-21 08:00:00,0.0,0.0,0.0,121,0.0,0.0,0.0
1bbf041c-f23c-437e-9c9b-2bd43d310a7c,2019-01-21 09:00:00,642.2643632,42.99402837000001,599.2703336,121,262.4006935500001,17.565450411666667,244.83524260000002
1bbf041c-f23c-437e-9c9b-2bd43d310a7c,2019-01-21 10:00:00,475.3850264999999,124.96859890000003,350.41642799999994,121,194.2212074333333,51.05661926666665,143.16458928333336
1bbf041c-f23c-437e-9c9b-2bd43d310a7c,2019-01-21 11:00:00,339.83218919999996,0.0,339.83218919999996,121,138.84033894999993,0.0,138.84033894999993
1bbf041c-f23c-437e-9c9b-2bd43d310a7c,2019-01-21 12:00:00,587.6916012,164.19776490000004,423.4938439,121,240.10468761666667,67.08391398333336,173.0207754166667
1bbf041c-f23c-437e-9c9b-2bd43d310a7c,2019-01-21 13:00:00,2061.138348,1188.3826420000003,872.7556945000003,121,842.089583583333,485.5203668333334,356.5692137500001
1bbf041c-f23c-437e-9c9b-2bd43d310a7c,2019-01-21 14:00:00,0.0,0.0,0.0,121,0.0,0.0,0.0
1bbf041c-f23c-437e-9c9b-2bd43d310a7c,2019-01-21 15:00:00,0.0,0.0,0.0,121,0.0,0.0,0.0
1bbf041c-f23c-437e-9c9b-2bd43d310a7c,2019-01-21 16:00:00,708.8598221999999,97.38919989999998,611.4706260000003,121,289.60864011666666,39.788901525,249.81973983333336
1bbf041c-f23c-437e-9c9b-2bd43d310a7c,2019-01-21 17:00:00,496.0029813000001,45.90646977,450.09651240000005,121,202.64478868333342,18.755344613333328,183.88944391666666
1bbf041c-f23c-437e-9c9b-2bd43d310a7c,2019-01-21 18:00:00,368.1219382,314.09970480000004,54.022236590000006,121,150.39827453333334,128.32718838333335,22.071086519999998
1bbf041c-f23c-437e-9c9b-2bd43d310a7c,2019-01-21 19:00:00,1291.206033,1009.853545,281.35249630000004,121,527.5294368333333,412.58130641666673,114.94813386666668
1bbf041c-f23c-437e-9c9b-2bd43d310a7c,2019-01-21 20:00:00,6730.509963,4104.429103,2626.0809269999995,121,2749.7874408333337,1676.8874355000003,1072.9000317499997
1bbf041c-f23c-437e-9c9b-2bd43d310a7c,2019-01-21 21:00:00,195.3821972000001,0.0,195.3821972000001,121,79.82448781666669,0.0,79.82448781666669
1bbf041c-f23c-437e-9c9b-2bd43d310a7c,2019-01-21 22:00:00,484.29993659999997,65.76079555999999,418.5391381,121,197.86344416666668,26.866940353333334,170.99650259999993
1bbf041c-f23c-437e-9c9b-2bd43d310a7c,2019-01-21 23:00:00,1234.0405010000002,445.33715699999993,788.7033339000001,121,504.1741386666667,181.94498330000002,322.2291524000001
1bbf041c-f23c-437e-9c9b-2bd43d310a7c,2019-01-22 00:00:00,0.0,0.0,0.0,121,0.0,0.0,0.0
1bbf041c-f23c-437e-9c9b-2bd43d310a7c,2019-01-22 01:00:00,0.0,0.0,0.0,121,0.0,0.0,0.0
1bbf041c-f23c-437e-9c9b-2bd43d310a7c,2019-01-22 02:00:00,0.0,0.0,0.0,121,0.0,0.0,0.0
1bbf041c-f23c-437e-9c9b-2bd43d310a7c,2019-01-22 03:00:00,0.0,0.0,0.0,121,0.0,0.0,0.0
1bbf041c-f23c-437e-9c9b-2bd43d310a7c,2019-01-22 04:00:00,0.0,0.0,0.0,121,0.0,0.0,0.0
1bbf041c-f23c-437e-9c9b-2bd43d310a7c,2019-01-22 05:00:00,0.0,0.0,0.0,121,0.0,0.0,0.0
1bbf041c-f23c-437e-9c9b-2bd43d310a7c,2019-01-22 06:00:00,367.6957284,162.2265388,205.4691894,121,150.2241441,66.27855867500001,83.9455853166667
1bbf041c-f23c-437e-9c9b-2bd43d310a7c,2019-01-22 07:00:00,175.93632240000002,16.12498038,159.8113426,121,71.87976734166668,6.5879508225,65.29181695
1bbf041c-f23c-437e-9c9b-2bd43d310a7c,2019-01-22 08:00:00,0.0,0.0,0.0,121,0.0,0.0,0.0
1bbf041c-f23c-437e-9c9b-2bd43d310a7c,2019-01-22 09:00:00,0.0,0.0,0.0,121,0.0,0.0,0.0
1bbf041c-f23c-437e-9c9b-2bd43d310a7c,2019-01-22 10:00:00,5826.8007119999975,3182.0020389999995,2644.7986679999995,121,2380.5719803333327,1300.0247084166663,1080.5472721666667
1bbf041c-f23c-437e-9c9b-2bd43d310a7c,2019-01-22 11:00:00,605.0597047000002,132.17866730000003,472.8810325,121,247.20052328333335,54.00233283333336,193.19818796666667
1bbf041c-f23c-437e-9c9b-2bd43d310a7c,2019-01-22 12:00:00,2597.4005030000003,359.6865072,2237.713973,121,1061.1824831666665,146.951932225,914.2305431666667
1bbf041c-f23c-437e-9c9b-2bd43d310a7c,2019-01-22 13:00:00,0.0,0.0,0.0,121,0.0,0.0,0.0
1bbf041c-f23c-437e-9c9b-2bd43d310a7c,2019-01-22 14:00:00,154.66129379999995,60.68178240000001,93.97951145999998,121,63.18773554999999,24.79188111833334,38.39585439333332
1bbf041c-f23c-437e-9c9b-2bd43d310a7c,2019-01-22 15:00:00,441.0217666,99.39594106000001,341.6258281,121,180.18190621666665,40.608767026666676,139.57314028333332
1bbf041c-f23c-437e-9c9b-2bd43d310a7c,2019-01-22 16:00:00,363.34482259999993,221.45210040000003,141.8927241,121,148.44655680000002,90.47549274999997,57.97106504166668
1bbf041c-f23c-437e-9c9b-2bd43d310a7c,2019-01-22 17:00:00,167.8560761,3.7471045079999996,164.10897039999995,121,68.578537475,1.5309004781666666,67.04763662500001
1bbf041c-f23c-437e-9c9b-2bd43d310a7c,2019-01-22 18:00:00,6523.975302,4083.9000020000008,2440.0753819999995,121,2665.4065553333353,1668.5001613333334,996.9064260000001
1bbf041c-f23c-437e-9c9b-2bd43d310a7c,2019-01-22 19:00:00,1603.1213940000005,1107.8465410000001,495.2748693,121,654.9642004166666,452.6168920000002,202.3473147333333
1bbf041c-f23c-437e-9c9b-2bd43d310a7c,2019-01-22 20:00:00,163.39861730000004,0.0,163.39861730000004,121,66.75741764166666,0.0,66.75741764166666
1bbf041c-f23c-437e-9c9b-2bd43d310a7c,2019-01-22 21:00:00,267.0389109,98.49024370000001,168.54866730000006,121,109.10023861666669,40.23873941666667,68.86149965000001
1bbf041c-f23c-437e-9c9b-2bd43d310a7c,2019-01-22 22:00:00,262.3861096,16.835331980000003,245.55077609999992,121,107.19931050000002,6.878168915833338,100.32114111666664
1bbf041c-f23c-437e-9c9b-2bd43d310a7c,2019-01-22 23:00:00,0.0,0.0,0.0,121,0.0,0.0,0.0
1bbf041c-f23c-437e-9c9b-2bd43d310a7c,2019-01-23 00:00:00,0.0,0.0,0.0,121,0.0,0.0,0.0
1bbf041c-f23c-437e-9c9b-2bd43d310a7c,2019-01-23 01:00:00,0.0,0.0,0.0,121,0.0,0.0,0.0
1bbf041c-f23c-437e-9c9b-2bd43d310a7c,2019-01-23 02:00:00,0.0,0.0,0.0,121,0.0,0.0,0.0
1bbf041c-f23c-437e-9c9b-2bd43d310a7c,2019-01-23 03:00:00,0.0,0.0,0.0,121,0.0,0.0,0.0
1bbf041c-f23c-437e-9c9b-2bd43d310a7c,2019-01-23 04:00:00,0.0,0.0,0.0,121,0.0,0.0,0.0
1bbf041c-f23c-437e-9c9b-2bd43d310a7c,2019-01-23 05:00:00,0.0,0.0,0.0,121,0.0,0.0,0.0
1bbf041c-f23c-437e-9c9b-2bd43d310a7c,2019-01-23 06:00:00,0.0,0.0,0.0,121,0.0,0.0,0.0
1bbf041c-f23c-437e-9c9b-2bd43d310a7c,2019-01-23 07:00:00,3437.888467,2056.1481169999997,1381.740336,121,1404.5685349166665,840.0507998333331,564.5177337500002
1bbf041c-f23c-437e-9c9b-2bd43d310a7c,2019-01-23 08:00:00,289.6813742999999,128.85777430000002,160.82359540000004,121,118.35094306666664,52.645563249999995,65.70537794999998
1bbf041c-f23c-437e-9c9b-2bd43d310a7c,2019-01-23 09:00:00,0.0,0.0,0.0,121,0.0,0.0,0.0
1bbf041c-f23c-437e-9c9b-2bd43d310a7c,2019-01-23 10:00:00,0.0,0.0,0.0,121,0.0,0.0,0.0
1bbf041c-f23c-437e-9c9b-2bd43d310a7c,2019-01-23 11:00:00,0.0,0.0,0.0,121,0.0,0.0,0.0
1bbf041c-f23c-437e-9c9b-2bd43d310a7c,2019-01-23 12:00:00,0.0,0.0,0.0,121,0.0,0.0,0.0
1bbf041c-f23c-437e-9c9b-2bd43d310a7c,2019-01-23 13:00:00,0.0,0.0,0.0,121,0.0,0.0,0.0
1bbf041c-f23c-437e-9c9b-2bd43d310a7c,2019-01-23 14:00:00,0.0,0.0,0.0,121,0.0,0.0,0.0
1bbf041c-f23c-437e-9c9b-2bd43d310a7c,2019-01-23 15:00:00,0.0,0.0,0.0,121,0.0,0.0,0.0
1bbf041c-f23c-437e-9c9b-2bd43d310a7c,2019-01-23 16:00:00,719.0356096999999,128.75122040000002,590.2843872999999,121,293.76601536666664,52.602030283333356,241.16398378333338
1bbf041c-f23c-437e-9c9b-2bd43d310a7c,2019-01-23 17:00:00,186.11210919999996,146.43897450000003,39.67313528999999,121,76.03714169166663,59.82846099166669,16.208680979999997
1bbf041c-f23c-437e-9c9b-2bd43d310a7c,2019-01-23 18:00:00,214.08220239999997,75.90106419,138.18113820000002,121,87.46447943333334,31.00980372333334,56.45467569166666
1bbf041c-f23c-437e-9c9b-2bd43d310a7c,2019-01-23 19:00:00,362.2970566,287.69238440000004,74.60467304000004,121,148.0184862666667,117.53833043333333,30.480155828333334
1bbf041c-f23c-437e-9c9b-2bd43d310a7c,2019-01-23 20:00:00,583.5715649000002,298.91593879999994,284.65563360000004,121,238.4214226333333,122.12377646666671,116.29764906666668
1bbf041c-f23c-437e-9c9b-2bd43d310a7c,2019-01-23 21:00:00,743.7380876999999,199.2536136,544.4844712,121,303.8583508666667,81.40617709166666,222.4521719166667
1bbf041c-f23c-437e-9c9b-2bd43d310a7c,2019-01-23 22:00:00,161.1432529,0.0,161.1432529,121,65.8359761666667,0.0,65.8359761666667
1bbf041c-f23c-437e-9c9b-2bd43d310a7c,2019-01-23 23:00:00,0.0,0.0,0.0,121,0.0,0.0,0.0
1bbf041c-f23c-437e-9c9b-2bd43d310a7c,2019-01-24 00:00:00,0.0,0.0,0.0,121,0.0,0.0,0.0
1bbf041c-f23c-437e-9c9b-2bd43d310a7c,2019-01-24 01:00:00,180.9798199,8.062490239,172.9173293,121,73.94031642500002,3.2939754178333334,70.6463409833333
1bbf041c-f23c-437e-9c9b-2bd43d310a7c,2019-01-24 02:00:00,0.0,0.0,0.0,121,0.0,0.0,0.0
1bbf041c-f23c-437e-9c9b-2bd43d310a7c,2019-01-24 03:00:00,0.0,0.0,0.0,121,0.0,0.0,0.0
1bbf041c-f23c-437e-9c9b-2bd43d310a7c,2019-01-24 04:00:00,0.0,0.0,0.0,121,0.0,0.0,0.0
1bbf041c-f23c-437e-9c9b-2bd43d310a7c,2019-01-24 05:00:00,274.3910491,56.24208543000002,218.14896489999998,121,112.10399598333336,22.978018115000005,89.12597825
1bbf041c-f23c-437e-9c9b-2bd43d310a7c,2019-01-24 06:00:00,0.0,0.0,0.0,121,0.0,0.0,0.0
1bbf041c-f23c-437e-9c9b-2bd43d310a7c,2019-01-24 07:00:00,0.0,0.0,0.0,121,0.0,0.0,0.0
1bbf041c-f23c-437e-9c9b-2bd43d310a7c,2019-01-24 08:00:00,0.0,0.0,0.0,121,0.0,0.0,0.0
1bbf041c-f23c-437e-9c9b-2bd43d310a7c,2019-01-24 09:00:00,483.21664860000016,76.64693292999999,406.56971789999994,121,197.4208607,31.31453263833334,166.10632933333332
1bbf041c-f23c-437e-9c9b-2bd43d310a7c,2019-01-24 10:00:00,3831.902709999999,2173.4271559999993,1658.4755559999999,121,1565.5452618333336,887.9658055000001,677.5794517500001
1bbf041c-f23c-437e-9c9b-2bd43d310a7c,2019-01-24 11:00:00,1332.0157309999997,228.96406790000003,1103.0516724999995,121,544.2024688333335,93.54454860000001,450.6579217499999
1bbf041c-f23c-437e-9c9b-2bd43d310a7c,2019-01-24 12:00:00,1085.932195,11.98718261,1073.9450199999999,121,443.66366316666665,4.8974304175,438.7662356666665
1bbf041c-f23c-437e-9c9b-2bd43d310a7c,2019-01-24 13:00:00,0.0,0.0,0.0,121,0.0,0.0,0.0
1bbf041c-f23c-437e-9c9b-2bd43d310a7c,2019-01-24 14:00:00,0.0,0.0,0.0,121,0.0,0.0,0.0
1bbf041c-f23c-437e-9c9b-2bd43d310a7c,2019-01-24 15:00:00,172.79301760000004,6.908168971999999,165.88484919999993,121,70.59555245,2.8223710251666665,67.77318185
1bbf041c-f23c-437e-9c9b-2bd43d310a7c,2019-01-24 16:00:00,168.6907376,4.759355436,163.93138349999995,121,68.91954305000002,1.9444612473333331,66.97508235833334
1bbf041c-f23c-437e-9c9b-2bd43d310a7c,2019-01-24 17:00:00,48.99290060000001,18.49790522,30.494995360000004,121,17.393674350000005,6.567207404166666,10.826466946666669
1bbf041c-f23c-437e-9c9b-2bd43d310a7c,2019-01-24 18:00:00,2924.801549,1991.1864650000002,933.6150585000001,121,1194.9440074999998,813.5103545000003,381.43364674999987
1bbf041c-f23c-437e-9c9b-2bd43d310a7c,2019-01-24 19:00:00,2337.6604269999993,772.4895739999998,1565.1708719999997,121,955.064227666667,315.6049292500001,639.4593036666668
1bbf041c-f23c-437e-9c9b-2bd43d310a7c,2019-01-24 20:00:00,2254.460493,284.3892474,1970.0712689999996,121,921.0724311666665,116.18881583333332,804.8836234999999
1bbf041c-f23c-437e-9c9b-2bd43d310a7c,2019-01-24 21:00:00,1291.010691,484.92149249999994,806.0891965999999,121,527.4496292500003,198.11738498333327,329.33224418333333
1bbf041c-f23c-437e-9c9b-2bd43d310a7c,2019-01-24 22:00:00,734.3081753999999,226.69094210000003,507.61722539999994,121,300.0057067333334,92.61585077499998,207.38985308333335
1bbf041c-f23c-437e-9c9b-2bd43d310a7c,2019-01-24 23:00:00,53.7906734,0.0,53.7906734,121,19.393107724999997,0.0,19.393107724999997
1bbf041c-f23c-437e-9c9b-2bd43d310a7c,2019-01-25 00:00:00,300.74509329999995,8.666289077,292.0788047,121,122.87108755000001,3.540660807833334,119.33042706666669
1bbf041c-f23c-437e-9c9b-2bd43d310a7c,2019-01-25 01:00:00,0.0,0.0,0.0,121,0.0,0.0,0.0
1bbf041c-f23c-437e-9c9b-2bd43d310a7c,2019-01-25 02:00:00,0.0,0.0,0.0,121,0.0,0.0,0.0
1bbf041c-f23c-437e-9c9b-2bd43d310a7c,2019-01-25 03:00:00,0.0,0.0,0.0,121,0.0,0.0,0.0
1bbf041c-f23c-437e-9c9b-2bd43d310a7c,2019-01-25 04:00:00,0.0,0.0,0.0,121,0.0,0.0,0.0
1bbf041c-f23c-437e-9c9b-2bd43d310a7c,2019-01-25 05:00:00,0.0,0.0,0.0,121,0.0,0.0,0.0
1bbf041c-f23c-437e-9c9b-2bd43d310a7c,2019-01-25 06:00:00,180.10963770000004,10.35337408,169.7562642,121,73.58479889166667,4.229928806666665,69.35486987499999
1bbf041c-f23c-437e-9c9b-2bd43d310a7c,2019-01-25 07:00:00,0.0,0.0,0.0,121,0.0,0.0,0.0
1bbf041c-f23c-437e-9c9b-2bd43d310a7c,2019-01-25 08:00:00,0.0,0.0,0.0,121,0.0,0.0,0.0
1bbf041c-f23c-437e-9c9b-2bd43d310a7c,2019-01-25 09:00:00,1150.4498769999998,360.6632450000001,789.7866234999999,121,470.0227235833335,147.35098426666667,322.6717364166668
1bbf041c-f23c-437e-9c9b-2bd43d310a7c,2019-01-25 10:00:00,1581.3491270000004,1347.4481110000002,233.90101360000003,121,646.0690175833333,550.5074529166667,95.56156581666667
1bbf041c-f23c-437e-9c9b-2bd43d310a7c,2019-01-25 11:00:00,779.0425564000001,492.6288083,286.41375000000005,121,318.28218798333336,201.2662518666666,117.01593749999998
1bbf041c-f23c-437e-9c9b-2bd43d310a7c,2019-01-25 12:00:00,614.4363477,87.55083020000001,526.8855169,121,251.03140116666668,35.769380716666674,215.26202021666668
1bbf041c-f23c-437e-9c9b-2bd43d310a7c,2019-01-25 13:00:00,5190.165929000001,2918.9944070000006,2271.1715269999995,121,2120.471279166666,1192.5714691666667,927.8998148333334
1bbf041c-f23c-437e-9c9b-2bd43d310a7c,2019-01-25 14:00:00,497.49471539999996,245.5685354,251.9261819000001,121,203.25424544166663,100.32839713333331,102.92584865000005
1bbf041c-f23c-437e-9c9b-2bd43d310a7c,2019-01-25 15:00:00,592.9482064,173.39681390000004,419.55138789999984,121,242.25230239999996,70.84223714166666,171.4100636999999
1bbf041c-f23c-437e-9c9b-2bd43d310a7c,2019-01-25 16:00:00,2865.4338849999995,1905.3937590000003,960.0401350000001,121,1170.689018,778.459262916667,392.2297600833334
1bbf041c-f23c-437e-9c9b-2bd43d310a7c,2019-01-25 17:00:00,753.043693,65.84959051000001,687.1940965999997,121,307.6602071666666,26.90321800833334,280.75698745
1bbf041c-f23c-437e-9c9b-2bd43d310a7c,2019-01-25 18:00:00,94.87035519999999,72.50693740000001,22.36341822,121,37.65868176666667,28.781547704999998,8.877133899166665
1bbf041c-f23c-437e-9c9b-2bd43d310a7c,2019-01-25 19:00:00,166.0091579,4.102280275000001,161.9068779,121,67.82396899166667,1.6760095231666672,66.14795952499999
1bbf041c-f23c-437e-9c9b-2bd43d310a7c,2019-01-25 20:00:00,164.446387,3.853657248,160.59273000000002,121,67.18549005000001,1.5744331945833334,65.61105684999998
1bbf041c-f23c-437e-9c9b-2bd43d310a7c,2019-01-25 21:00:00,0.0,0.0,0.0,121,0.0,0.0,0.0
1bbf041c-f23c-437e-9c9b-2bd43d310a7c,2019-01-25 22:00:00,521.3092510000001,86.89375584999999,434.4155019,121,212.98380705,35.50092921666666,177.48287918333335
1bbf041c-f23c-437e-9c9b-2bd43d310a7c,2019-01-25 23:00:00,1663.483522,562.3675719,1101.1159629999997,121,679.6254851666664,229.75841344999998,449.86707691666675
1bbf041c-f23c-437e-9c9b-2bd43d310a7c,2019-01-26 00:00:00,1045.442156,80.12765655000001,965.3145089999999,121,427.12123091666655,32.73660168166666,394.38463508333325
1bbf041c-f23c-437e-9c9b-2bd43d310a7c,2019-01-26 01:00:00,0.0,0.0,0.0,121,0.0,0.0,0.0
1bbf041c-f23c-437e-9c9b-2bd43d310a7c,2019-01-26 02:00:00,191.59957290000003,12.23580571,179.36376950000005,121,78.27907595833332,4.999006779999999,73.280069975
1bbf041c-f23c-437e-9c9b-2bd43d310a7c,2019-01-26 03:00:00,0.0,0.0,0.0,121,0.0,0.0,0.0
1bbf041c-f23c-437e-9c9b-2bd43d310a7c,2019-01-26 04:00:00,0.0,0.0,0.0,121,0.0,0.0,0.0
1bbf041c-f23c-437e-9c9b-2bd43d310a7c,2019-01-26 05:00:00,170.21799179999994,0.0,170.21799179999994,121,69.54351141666668,0.0,69.54351141666668
1bbf041c-f23c-437e-9c9b-2bd43d310a7c,2019-01-26 06:00:00,0.0,0.0,0.0,121,0.0,0.0,0.0
1bbf041c-f23c-437e-9c9b-2bd43d310a7c,2019-01-26 07:00:00,0.0,0.0,0.0,121,0.0,0.0,0.0
1bbf041c-f23c-437e-9c9b-2bd43d310a7c,2019-01-26 08:00:00,2731.7457369999997,1669.8589410000004,1061.886793,121,1116.0699802499998,682.2301986666666,433.8397796666667
1bbf041c-f23c-437e-9c9b-2bd43d310a7c,2019-01-26 09:00:00,2665.6120340000007,411.2757931999999,2254.3362099999995,121,1089.0506805833331,168.02902326666663,921.0216495833332
1bbf041c-f23c-437e-9c9b-2bd43d310a7c,2019-01-26 10:00:00,1200.5651834999994,735.2138671000001,465.35131229999985,121,490.4976126666666,300.37573218333335,190.12187808333337
1bbf041c-f23c-437e-9c9b-2bd43d310a7c,2019-01-26 11:00:00,408.94939020000004,209.5537107000001,199.39568319999995,121,167.07855823333335,85.61433910833334,81.46422018333331
1bbf041c-f23c-437e-9c9b-2bd43d310a7c,2019-01-26 12:00:00,7669.630327999999,4229.291169000001,3440.3391989999996,121,3133.4703076666674,1727.9005313333337,1405.569797333333
1bbf041c-f23c-437e-9c9b-2bd43d310a7c,2019-01-26 13:00:00,1060.5193685,8.45318355,1052.066185,121,433.28111125000004,3.453595359166667,429.8275169166666
1bbf041c-f23c-437e-9c9b-2bd43d310a7c,2019-01-26 14:00:00,646.0825031000002,22.393832869999994,623.6886744999999,121,263.9606157666667,9.149125534166664,254.8114910833332
1bbf041c-f23c-437e-9c9b-2bd43d310a7c,2019-01-26 15:00:00,1360.3765194999996,14.508930679999999,1345.8675740000003,121,555.7894281666665,5.927704683333334,549.8617167500001
1bbf041c-f23c-437e-9c9b-2bd43d310a7c,2019-01-26 16:00:00,193.09131459999998,10.566479494,182.52483339999998,121,78.88853535833334,4.316994220666667,74.57154014999995
1bbf041c-f23c-437e-9c9b-2bd43d310a7c,2019-01-26 17:00:00,1779.9456780000003,102.45045469999998,1677.495218,121,727.2067511666667,41.856705575,685.3500436666665
1bbf041c-f23c-437e-9c9b-2bd43d310a7c,2019-01-26 18:00:00,2188.3090110000003,827.275431,1361.0335899999998,121,894.0458725000001,337.98799874999986,556.0578749166666
1bbf041c-f23c-437e-9c9b-2bd43d310a7c,2019-01-26 19:00:00,871.2284295000003,437.09707390000005,434.1313578000001,121,355.9452408333335,178.5784513666667,177.36679158333337
1bbf041c-f23c-437e-9c9b-2bd43d310a7c,2019-01-26 20:00:00,0.0,0.0,0.0,121,0.0,0.0,0.0
1bbf041c-f23c-437e-9c9b-2bd43d310a7c,2019-01-26 21:00:00,330.49106290000003,0.0,330.49106290000003,121,135.02396969999998,0.0,135.02396969999998
1bbf041c-f23c-437e-9c9b-2bd43d310a7c,2019-01-26 22:00:00,0.0,0.0,0.0,121,0.0,0.0,0.0
1bbf041c-f23c-437e-9c9b-2bd43d310a7c,2019-01-26 23:00:00,0.0,0.0,0.0,121,0.0,0.0,0.0
1bbf041c-f23c-437e-9c9b-2bd43d310a7c,2019-01-27 00:00:00,219.4098395,40.79193858,178.61790040000002,121,89.64111546666666,16.665774349999996,72.97534076666665
1bbf041c-f23c-437e-9c9b-2bd43d310a7c,2019-01-27 01:00:00,0.0,0.0,0.0,121,0.0,0.0,0.0
1bbf041c-f23c-437e-9c9b-2bd43d310a7c,2019-01-27 02:00:00,1997.5973910000007,859.4365997999998,1138.1607889999998,121,816.1295730000004,351.12762355,465.0019479166667
1bbf041c-f23c-437e-9c9b-2bd43d310a7c,2019-01-27 03:00:00,0.0,0.0,0.0,121,0.0,0.0,0.0
1bbf041c-f23c-437e-9c9b-2bd43d310a7c,2019-01-27 04:00:00,0.0,0.0,0.0,121,0.0,0.0,0.0
1bbf041c-f23c-437e-9c9b-2bd43d310a7c,2019-01-27 05:00:00,0.0,0.0,0.0,121,0.0,0.0,0.0
1bbf041c-f23c-437e-9c9b-2bd43d310a7c,2019-01-27 06:00:00,0.0,0.0,0.0,121,0.0,0.0,0.0
1bbf041c-f23c-437e-9c9b-2bd43d310a7c,2019-01-27 07:00:00,0.0,0.0,0.0,121,0.0,0.0,0.0
1bbf041c-f23c-437e-9c9b-2bd43d310a7c,2019-01-27 08:00:00,688.2418672,96.83867699999999,591.4031947000001,121,281.1850603666665,39.56398220833334,241.62107881666668
1bbf041c-f23c-437e-9c9b-2bd43d310a7c,2019-01-27 09:00:00,404.4919402,72.72224078,331.7696982000001,121,165.2574415666667,29.711077768333332,135.5463636416666
1bbf041c-f23c-437e-9c9b-2bd43d310a7c,2019-01-27 10:00:00,188.98903210000003,178.72445330000005,10.264579959999999,121,77.21252482500002,73.01887384166668,4.1936514875
1bbf041c-f23c-437e-9c9b-2bd43d310a7c,2019-01-27 11:00:00,597.4767025,211.1875188,386.28918139999996,121,244.10244366666666,86.28184064166666,157.82060265000004
1bbf041c-f23c-437e-9c9b-2bd43d310a7c,2019-01-27 12:00:00,5817.228751,4188.250577,1628.9781970000001,121,2376.6613076666677,1711.1331696666664,665.5281427500003
1bbf041c-f23c-437e-9c9b-2bd43d310a7c,2019-01-27 13:00:00,764.7644955000003,47.52251970000001,717.2419767999999,121,312.44880699999993,19.41559088833334,293.0332159666667
1bbf041c-f23c-437e-9c9b-2bd43d310a7c,2019-01-27 14:00:00,221.27451100000002,7.316621111000002,213.95789040000003,121,90.40293731666665,2.9892464213333336,87.413691375
1bbf041c-f23c-437e-9c9b-2bd43d310a7c,2019-01-27 15:00:00,0.0,0.0,0.0,121,0.0,0.0,0.0
1bbf041c-f23c-437e-9c9b-2bd43d310a7c,2019-01-27 16:00:00,0.0,0.0,0.0,121,0.0,0.0,0.0
1bbf041c-f23c-437e-9c9b-2bd43d310a7c,2019-01-27 17:00:00,278.7419532,142.78066470000002,135.96128950000002,121,113.88158174999998,58.33383820000001,55.54774411666665
1bbf041c-f23c-437e-9c9b-2bd43d310a7c,2019-01-27 18:00:00,0.0,0.0,0.0,121,0.0,0.0,0.0
1bbf041c-f23c-437e-9c9b-2bd43d310a7c,2019-01-27 19:00:00,168.06917769999998,12.537705050000001,155.53147479999998,121,68.66560163333334,5.122349437500001,63.54325280833334
1bbf041c-f23c-437e-9c9b-2bd43d310a7c,2019-01-27 20:00:00,0.0,0.0,0.0,121,0.0,0.0,0.0
1bbf041c-f23c-437e-9c9b-2bd43d310a7c,2019-01-27 21:00:00,543.8629149999999,269.1699644,274.6929497000001,121,222.19823223333336,109.97089274166669,112.22733895833332
1bbf041c-f23c-437e-9c9b-2bd43d310a7c,2019-01-27 22:00:00,404.9181494999998,12.662016659999999,392.25612199999995,121,165.43157253333334,5.173137622499999,160.2584307166667
1bbf041c-f23c-437e-9c9b-2bd43d310a7c,2019-01-27 23:00:00,549.9896938999999,173.57440310000004,376.41529460000004,121,224.70136170000004,70.91479205000002,153.78657141666662
